Workbook

Sheet MyWells Drilling Comp
A1: NOOP Document Date | B1: FWR Document Date | C1: PAC Name | D1: Region Name | E1: Field Name | F1: Well Name | G1: Well Type | H1: Rig Name | I1: Rig Type | J1: Water Depth (m) | K1: Total Well Depth MD Plan (m) | L1: Total Well Depth TVD Plan (m) | M1: AFE Cost Dry (usd) | N1: AFE Cost Success (usd) | O1: AFE Days Dry | P1: AFE Days Success | Q1: AFE Cost (usd) | R1: AFE Days | S1: Special Status | T1: Alternative Well Name | U1: Tree Type | V1: Spud Date | W1: Well Start Date Time | X1: Well End Date Time | Y1: Meterage Drilled (m) | Z1: Water Depth Category | AA1: Total Well Depth MD Actual (m) | AB1: Total Well Depth TVD Actual (m) | AC1: Final Cost Dry (usd) | AD1: Final Cost Success (usd) | AE1: Final Days Dry | AF1: Final Days Success | AG1: Final Cost (usd) | AH1: Final Days | AI1: Well NPT Percentage WOW (%) | AJ1: Well NPT Percentage (%) | AK1: Drilling Min Standard | AL1: DMS | AM1: Plan DDPTF (days/1000ft) | AN1: Plan DDPTF | AO1: Plan DCPF (usd/ft) | AP1: Plan DCPF | AQ1: Plan WCPF (usd/ft) | AR1: Plan WCPF | AS1: Actual DDPTF (days/1000ft) | AT1: Actual DDPTF | AU1: Actual DCPF (usd/ft) | AV1: Actual DCPF | AW1: Actual WCPF (usd/ft) | AX1: Actual WCPF | AY1: Completion Days Plan | AZ1: Completion Cost Plan | BA1: Completion Min Standard | BB1: Plan CDPTF (days/1000ft) | BC1: Plan CCPF (usd/ft) | BD1: Completion Days Actual | BE1: Completion Cost Actual | BF1: Actual CDPTF (days/1000ft) | BG1: Actual CCPF (usd/ft) | BH1: Producing Formation | BI1: Pressure Temperature | BJ1: Completion Type | BK1: Smart Well | BL1: ESP | BM1: Tubing Size (inch) | BN1: Zones | BO1: Number Of String | BP1: Tubing Material | BQ1: Sand Control Length (ft) | BR1: PDG | BS1: OH Inflow Control | BT1: Completion Material | BU1: Completion Fluid Weight (ppg) | BV1: Completion Fluid Type | BW1: Chemical Injection Valve | BX1: Intelligent Gas Lift | BY1: Availability
A2: 44992 | B2: 45232 | C2: VESTIGO | D2: PM | E2: LARUT | F2: LARUT A-26ST2 | G2: APPRAISAL CUM DEV/DEVELOPMENT | H2: SAPURA BERANI | I2: TENDER ASSISTED DRILLING RIG (TADR) | J2: 60 | K2: 4127.49 | L2: 2338.05 | M2: N/A | N2: N/A | O2: N/A | P2: N/A | Q2: 6560000 | R2: 14.29 | S2: NO | T2: N/A | U2: DRY TREE | V2: 45163 | W2: 45162.792 | X2: 45176.208 | Y2: 4026.63 | Z2: SHALLOW WATER | AA2: 4121.5 | AB2: 2333.55 | AC2: N/A | AD2: N/A | AE2: N/A | AF2: N/A | AG2: 4668369 | AH2: 13.42 | AI2: 8.01 | AJ2: 8.01 | AK2: SW DEV ST 2HS MONOBORE | AL2: SW DEV ST 2HS | AM2: Yes | AN2: 2.4 | AO2: Yes | AP2: 795 | AQ2: Yes | AR2: 1200 | AS2: yes | AT2: 1.3 | AU2: yes | AV2: 325 | AW2: yes | AX2: 454 | BD2: 1.81 | BE2: 1318987.4 | BH2: SANDSTONE | BI2: NORMAL | BJ2: CASED HOLE CEMENTED MONOBORE | BK2: NO | BL2: NO | BM2: 3-1/2" | BN2: 1.0 | BO2: SINGLE | BP2: L80 13CR | BQ2: 65.62 | BR2: False | BT2: L80 13CR | BU2: 6.8 | BV2: BASE OIL/DIESEL | BW2: NO | BX2: NO | BY2: =IF(COUNTIF('Data Upload-prod'!E:E,F2)=0,"Missing","Exist") -> Exist
A3: 44992 | B3: 45294 | C3: VESTIGO | D3: PM | E3: LARUT | F3: LARUT-A09ST1 | G3: APPRAISAL CUM DEV/DEVELOPMENT | H3: SAPURA BERANI | I3: TENDER ASSISTED DRILLING RIG (TADR) | J3: 60 | K3: 3407.5 | L3: 1961.86 | M3: N/A | N3: N/A | O3: N/A | P3: N/A | Q3: 7120000 | R3: 17.85 | S3: NO | T3: N/A | U3: DRY TREE | V3: 45220 | W3: 45220.062 | X3: 45244.104 | Y3: 3665.13 | Z3: SHALLOW WATER | AA3: 3760 | AB3: 2047.8 | AC3: N/A | AD3: N/A | AE3: N/A | AF3: N/A | AG3: 4734531 | AH3: 12.6 | AI3: 0 | AJ3: 0 | AK3: SW DEV ST 2HS MONOBORE | AL3: SW DEV ST 2HS | AM3: Yes | AN3: 2.4 | AO3: Yes | AP3: 795 | AQ3: Yes | AR3: 1200 | AS3: yes | AT3: 1.18 | AU3: yes | AV3: 329 | AW3: yes | AX3: 444 | BD3: 1.72 | BE3: 1220042.8 | BH3: SANDSTONE | BI3: NORMAL | BJ3: CASED HOLE CEMENTED MONOBORE | BK3: NO | BL3: NO | BM3: 3-1/2" | BN3: 1.0 | BO3: SINGLE | BP3: L80 | BQ3: 72.182 | BR3: False | BT3: L80 | BU3: 6.8 | BV3: BASE OIL/DIESEL | BW3: NO | BX3: NO | BY3: =IF(COUNTIF('Data Upload-prod'!E:E,F3)=0,"Missing","Exist") -> Exist
A4: 44992 | B4: 45251 | C4: VESTIGO | D4: PM | E4: LARUT | F4: LARUT-A29ST2 | G4: APPRAISAL CUM DEV/DEVELOPMENT | H4: SAPURA BERANI | I4: TENDER ASSISTED DRILLING RIG (TADR) | J4: 60 | K4: 3003.4 | L4: 2625.4 | M4: N/A | N4: N/A | O4: N/A | P4: N/A | Q4: 6779320 | R4: 13.52 | S4: NO | T4: N/A | U4: DRY TREE | V4: 45146 | W4: 45144.792 | X4: 45191.25 | Y4: 2871.13 | Z4: SHALLOW WATER | AA4: 2966 | AB4: 2622.8 | AC4: N/A | AD4: N/A | AE4: N/A | AF4: N/A | AG4: 5474865 | AH4: 16 | AI4: 34.32 | AJ4: 34.32 | AK4: SW DEV ST 2HS MONOBORE | AL4: SW DEV ST 2HS | AM4: Yes | AN4: 2.4 | AO4: Yes | AP4: 795 | AQ4: Yes | AR4: 1200 | AS4: yes | AT4: 2.43 | AU4: yes | AV4: 601 | AW4: yes | AX4: 830 | BD4: 1.34 | BE4: 1326979.4 | BH4: SANDSTONE | BI4: NORMAL | BJ4: CASED HOLE CEMENTED MONOBORE | BK4: NO | BL4: NO | BM4: 3-1/2" | BN4: 1.0 | BO4: SINGLE | BP4: L80 13CR | BQ4: 131.24 | BR4: False | BT4: L80 13CR | BU4: 6.8 | BV4: BASE OIL/DIESEL | BW4: NO | BX4: NO | BY4: =IF(COUNTIF('Data Upload-prod'!E:E,F4)=0,"Missing","Exist") -> Exist
A5: 44992 | B5: 45161 | C5: VESTIGO | D5: PM | E5: LARUT | F5: LARUT-A24 | G5: APPRAISAL CUM DEV/DEVELOPMENT | H5: SAPURA BERANI | I5: TENDER ASSISTED DRILLING RIG (TADR) | J5: 60 | K5: 2292.82 | L5: 1977.19 | M5: N/A | N5: N/A | O5: N/A | P5: N/A | Q5: 4563572.6 | R5: 9.51 | S5: SIDETRACK | T5: N/A | U5: DRY TREE | V5: 45105 | W5: 45105.292 | X5: 45115 | Y5: 2200.13 | Z5: SHALLOW WATER | AA5: 2295 | AB5: 1980.27 | AC5: N/A | AD5: N/A | AE5: N/A | AF5: N/A | AG5: 3572118 | AH5: 9.71 | AI5: 2.15 | AJ5: 2.15 | AK5: SW DEV ST 2HS MONOBORE | AL5: SW DEV ST 2HS | AM5: Yes | AN5: 2.4 | AO5: Yes | AP5: 795 | AQ5: Yes | AR5: 1200 | AS5: yes | AT5: 1.88 | AU5: yes | AV5: 484 | AW5: yes | AX5: 693 | BD5: 1.73 | BE5: 1081149.6 | BH5: SANDSTONE | BI5: NORMAL | BJ5: CASED HOLE CEMENTED MONOBORE | BK5: NO | BL5: NO | BM5: 3-1/2" | BN5: 1.0 | BO5: SINGLE | BP5: L80 | BQ5: 55.777 | BR5: False | BT5: L80 | BU5: 6.8 | BV5: BASE OIL/DIESEL | BW5: NO | BX5: NO | BY5: =IF(COUNTIF('Data Upload-prod'!E:E,F5)=0,"Missing","Exist") -> Exist
A6: 44981 | B6: 45310 | C6: VESTIGO | D6: PM | E6: LARUT | F6: LARUT-A01ST1 | G6: APPRAISAL CUM DEV/DEVELOPMENT | H6: SAPURA BERANI | I6: TENDER ASSISTED DRILLING RIG (TADR) | J6: 60 | K6: 3914.35 | L6: 2534.7 | M6: N/A | N6: N/A | O6: N/A | P6: N/A | Q6: 8235192 | R6: 17.9 | S6: NO | T6: N/A | U6: DRY TREE | V6: 45205 | W6: 45203.354 | X6: 45252.854 | Y6: 3138.13 | Z6: SHALLOW WATER | AA6: 3233 | AB6: 2511.69 | AC6: N/A | AD6: N/A | AE6: N/A | AF6: N/A | AG6: 8072116 | AH6: 25.46 | AI6: 12.07 | AJ6: 12.07 | AK6: SW DEV ST 2HS OHPDL | AL6: SW DEV ST 2HS | AM6: Yes | AN6: 2.4 | AO6: Yes | AP6: 795 | AQ6: Yes | AR6: 1400 | AS6: yes | AT6: 2.41 | AU6: yes | AV6: 725 | AW6: yes | AX6: 1014 | BD6: 5.48 | BE6: 2303835.7 | BH6: SANDSTONE | BI6: NORMAL | BJ6: OPEN HOLE PREDRILLED LINER | BK6: NO | BL6: NO | BM6: 3-1/2" | BN6: 1.0 | BO6: SINGLE | BP6: L80 13CR | BQ6: 207.51997 | BR6: False | BT6: L80 13CR | BU6: 9.2 | BV6: KCL | BW6: NO | BX6: NO | BY6: =IF(COUNTIF('Data Upload-prod'!E:E,F6)=0,"Missing","Exist") -> Exist
A7: 44981 | B7: 45239 | C7: VESTIGO | D7: PM | E7: LARUT | F7: LARUT-A30ST1 | G7: APPRAISAL CUM DEV/DEVELOPMENT | H7: SAPURA BERANI | I7: TENDER ASSISTED DRILLING RIG (TADR) | J7: 60 | K7: 3253.5 | L7: 1981.75 | M7: N/A | N7: N/A | O7: N/A | P7: N/A | Q7: 5350000 | R7: 11.62 | S7: NO | T7: N/A | U7: DRY TREE | V7: 45140 | W7: 45138.354 | X7: 45180.917 | Y7: 3310.13 | Z7: SHALLOW WATER | AA7: 3405 | AB7: 2042.65 | AC7: N/A | AD7: N/A | AE7: N/A | AF7: N/A | AG7: 3884000 | AH7: 11.15 | AI7: 1.68 | AJ7: 1.68 | AK7: SW DEV ST 2HS MONOBORE | AL7: SW DEV ST 2HS | AM7: Yes | AN7: 2.4 | AO7: Yes | AP7: 795 | AQ7: Yes | AR7: 1200 | AS7: yes | AT7: 1.4 | AU7: yes | AV7: 366 | AW7: yes | AX7: 489 | BD7: 1.45 | BE7: 977143.36 | BH7: SANDSTONE | BI7: NORMAL | BJ7: CASED HOLE CEMENTED MONOBORE | BK7: NO | BL7: NO | BM7: 3-1/2" | BN7: 1.0 | BO7: SINGLE | BP7: L80 | BQ7: 141.083 | BR7: False | BT7: L80 | BU7: 6.8 | BV7: BASE OIL/DIESEL | BW7: NO | BX7: NO | BY7: =IF(COUNTIF('Data Upload-prod'!E:E,F7)=0,"Missing","Exist") -> Exist
A8: 44981 | B8: 45273 | C8: VESTIGO | D8: PM | E8: LARUT | F8: LARUT A-36ST1 | G8: APPRAISAL CUM DEV/DEVELOPMENT | H8: SAPURA BERANI | I8: TENDER ASSISTED DRILLING RIG (TADR) | J8: 60 | K8: 4156.72 | L8: 2171.3 | M8: N/A | N8: N/A | O8: N/A | P8: N/A | Q8: 7175927 | R8: 15.48 | S8: NO | T8: N/A | U8: DRY TREE | V8: 45196 | W8: 45079.125 | X8: 45237.792 | Y8: 4161.13 | Z8: SHALLOW WATER | AA8: 4256 | AB8: 2205.85 | AC8: N/A | AD8: N/A | AE8: N/A | AF8: N/A | AG8: 7033425 | AH8: 21.64 | AI8: 7.51 | AJ8: 7.51 | AK8: SW DEV C3 MONOBORE | AL8: SW DEV C3 | AM8: Yes | AN8: 2.2 | AO8: Yes | AP8: 915 | AQ8: Yes | AR8: 1290 | AS8: yes | AT8: 1.64 | AU8: yes | AV8: 458 | AW8: yes | AX8: 534 | BD8: 1.69 | BE8: 993710.05 | BH8: SANDSTONE | BI8: NORMAL | BJ8: CASED HOLE CEMENTED MONOBORE | BK8: NO | BL8: NO | BM8: 3-1/2" | BN8: 1.0 | BO8: SINGLE | BP8: L80 | BQ8: 108.273 | BR8: False | BT8: L80 | BU8: 6.8 | BV8: BASE OIL/DIESEL | BW8: NO | BX8: NO | BY8: =IF(COUNTIF('Data Upload-prod'!E:E,F8)=0,"Missing","Exist") -> Exist
A9: 44980 | B9: 45251 | C9: VESTIGO | D9: PM | E9: LARUT | F9: LARUT-A23ST1 | G9: APPRAISAL CUM DEV/DEVELOPMENT | H9: SAPURA BERANI | I9: TENDER ASSISTED DRILLING RIG (TADR) | J9: 60 | K9: 3198.27 | L9: 2060.55 | M9: N/A | N9: N/A | O9: N/A | P9: N/A | Q9: 5184350 | R9: 11.24 | S9: NO | T9: N/A | U9: DRY TREE | V9: 45152 | W9: 45151.104 | X9: 45195.635 | Y9: 3005.13 | Z9: SHALLOW WATER | AA9: 3100 | AB9: 2097.55 | AC9: N/A | AD9: N/A | AE9: N/A | AF9: N/A | AG9: 3886398 | AH9: 10.55 | AI9: 5.53 | AJ9: 5.53 | AK9: SW DEV ST 2HS MONOBORE | AL9: SW DEV ST 2HS | AM9: Yes | AN9: 2.4 | AO9: Yes | AP9: 795 | AQ9: Yes | AR9: 1200 | AS9: yes | AT9: 1.44 | AU9: yes | AV9: 392 | AW9: yes | AX9: 532 | BD9: 1.4 | BE9: 889555.54 | BH9: SANDSTONE | BI9: NORMAL | BJ9: CASED HOLE CEMENTED MONOBORE | BK9: NO | BL9: NO | BM9: 3-1/2" | BN9: 1.0 | BO9: SINGLE | BP9: L80 | BQ9: 62.339 | BR9: False | BT9: L80 | BU9: 6.8 | BV9: BASE OIL/DIESEL | BW9: NO | BX9: NO | BY9: =IF(COUNTIF('Data Upload-prod'!E:E,F9)=0,"Missing","Exist") -> Exist
A10: 44966 | B10: 45196 | C10: VESTIGO | D10: PM | E10: LARUT | F10: LARUT A-35 | G10: APPRAISAL CUM DEV/DEVELOPMENT | H10: SAPURA BERANI | I10: TENDER ASSISTED DRILLING RIG (TADR) | J10: 60 | K10: 5658 | L10: 2334.8 | M10: N/A | N10: N/A | O10: N/A | P10: N/A | Q10: 9780000 | R10: 20.94 | S10: NO | T10: N/A | U10: DRY TREE | V10: 45076 | W10: 45075.917 | X10: 45138.354 | Y10: 5526.13 | Z10: SHALLOW WATER | AA10: 5621 | AB10: 2317 | AC10: N/A | AD10: N/A | AE10: N/A | AF10: N/A | AG10: 11405366 | AH10: 37.5 | AI10: 0.34 | AJ10: 0.34 | AK10: SW DEV C3 MONOBORE | AL10: SW DEV C3 | AM10: Yes | AN10: 2.2 | AO10: Yes | AP10: 915 | AQ10: Yes | AR10: 1290 | AS10: yes | AT10: 1.71 | AU10: yes | AV10: 432 | AW10: yes | AX10: 529 | BD10: 2.6 | BE10: 1866911.1 | BH10: SANDSTONE | BI10: NORMAL | BJ10: CASED HOLE CEMENTED MONOBORE | BK10: NO | BL10: NO | BM10: 3-1/2" | BN10: 1.0 | BO10: SINGLE | BP10: L80 | BQ10: 42.653 | BR10: False | BT10: L80 | BU10: 6.8 | BV10: BASE OIL/DIESEL | BW10: NO | BX10: NO | BY10: =IF(COUNTIF('Data Upload-prod'!E:E,F10)=0,"Missing","Exist") -> Exist
A11: 44966 | B11: 45251 | C11: VESTIGO | D11: PM | E11: LARUT | F11: LARUT-A31ST2 | G11: APPRAISAL CUM DEV/DEVELOPMENT | H11: SAPURA BERANI | I11: TENDER ASSISTED DRILLING RIG (TADR) | J11: 60 | K11: 3198.27 | L11: 2060.55 | M11: N/A | N11: N/A | O11: N/A | P11: N/A | Q11: 5184350 | R11: 11.24 | S11: RE-SPUD | T11: N/A | U11: DRY TREE | V11: 45152 | W11: 45151 | X11: 45195 | Y11: 3005.13 | Z11: SHALLOW WATER | AA11: 3100 | AB11: 2097.43 | AC11: N/A | AD11: N/A | AE11: N/A | AF11: N/A | AG11: 3886398 | AH11: 10.55 | AI11: 5.5 | AJ11: 5.5 | AK11: SW DEV ST 2HS OHPDL | AL11: SW DEV ST 2HS | AM11: Yes | AN11: 2.4 | AO11: Yes | AP11: 795 | AQ11: Yes | AR11: 1400 | AS11: yes | AT11: 2.7 | AU11: yes | AV11: 709 | AW11: yes | AX11: 917 | BD11: 7.75 | BE11: 3082902.8 | BH11: SANDSTONE | BI11: NORMAL | BJ11: OPEN HOLE PREDRILLED LINER | BK11: NO | BL11: NO | BM11: 3-1/2" | BN11: 1.0 | BO11: SINGLE | BP11: L80 13CR | BQ11: 823.28821 | BR11: False | BT11: L80 13CR | BU11: 9.2 | BV11: KCL | BW11: NO | BX11: NO | BY11: =IF(COUNTIF('Data Upload-prod'!E:E,F11)=0,"Missing","Exist") -> Exist
A12: 44966 | B12: 45176 | C12: VESTIGO | D12: PM | E12: LARUT | F12: LARUT A-34 | G12: APPRAISAL CUM DEV/DEVELOPMENT | H12: SAPURA BERANI | I12: TENDER ASSISTED DRILLING RIG (TADR) | J12: 60 | K12: 4112.23 | L12: 2024.08 | M12: N/A | N12: N/A | O12: N/A | P12: N/A | Q12: 8214591 | R12: 17.58 | S12: NO | T12: N/A | U12: DRY TREE | V12: 45069 | W12: 45067.75 | X12: 45120 | Y12: 3930.13 | Z12: SHALLOW WATER | AA12: 4025 | AB12: 1998.44 | AC12: N/A | AD12: N/A | AE12: N/A | AF12: N/A | AG12: 6690870 | AH12: 21.57 | AI12: 2.08 | AJ12: 2.08 | AK12: SW DEV C3 MONOBORE | AL12: SW DEV C3 | AM12: Yes | AN12: 2.2 | AO12: Yes | AP12: 915 | AQ12: Yes | AR12: 1290 | AS12: yes | AT12: 1.63 | AU12: yes | AV12: 413 | AW12: yes | AX12: 507 | BD12: 2 | BE12: 1233995 | BH12: SANDSTONE | BI12: NORMAL | BJ12: CASED HOLE CEMENTED MONOBORE | BK12: NO | BL12: NO | BM12: 3-1/2" | BN12: 1.0 | BO12: SINGLE | BP12: L80 | BQ12: 108.273 | BR12: False | BT12: L80 | BU12: 6.8 | BV12: BASE OIL/DIESEL | BW12: NO | BX12: NO | BY12: =IF(COUNTIF('Data Upload-prod'!E:E,F12)=0,"Missing","Exist") -> Exist
A13: 43599 | B13: 43747 | C13: VESTIGO | D13: SK | E13: ANJUNG KECIL | F13: AJK-A2ST1 | G13: APPRAISAL CUM DEV/DEVELOPMENT | H13: BORR MIST | I13: JACK UP | J13: 70.5 | K13: 2504 | L13: 1713 | M13: N/A | N13: N/A | O13: N/A | P13: N/A | Q13: 8100000 | R13: 20.5 | S13: NO | T13: N/A | U13: DRY TREE | V13: 43658 | W13: 43615.75 | X13: 43708.021 | Y13: 2439.35 | Z13: SHALLOW WATER | AA13: 2545 | AB13: 1712 | AC13: N/A | AD13: N/A | AE13: N/A | AF13: N/A | AG13: 6081416 | AH13: 21.14 | AI13: 6.6 | AJ13: 6.6 | AK13: SW DEV C4 OHSAS/OHPDL | AL13: SW DEV C4 | AM13: Yes | AN13: 2.5 | AO13: Yes | AP13: 1010 | AQ13: Yes | AR13: 1705 | AS13: yes | AT13: 1.49 | AU13: yes | AV13: 383 | AW13: yes | AX13: 728 | BD13: 6.5 | BE13: 2155737 | BH13: CARBONATE | BI13: NORMAL | BJ13: OPEN HOLE STAND ALONE SCREEN | BK13: NO | BL13: 1 | BM13: 3-1/2" | BN13: 1.0 | BO13: SINGLE | BP13: L80 | BQ13: 187.37791 | BR13: False | BS13: ICD | BT13: L80 | BU13: 8.6 | BV13: SEAWATER/DRILLWATER | BW13: NO | BX13: NO | BY13: =IF(COUNTIF('Data Upload-prod'!E:E,F13)=0,"Missing","Exist") -> Exist
A14: 43592 | B14: 43720 | C14: PCSB | D14: SK | E14: ANJUNG | F14: ANJUNG-A3 | G14: APPRAISAL CUM DEV/DEVELOPMENT | H14: NAGA-2 | I14: JACK UP | J14: 76 | K14: 2364.06 | L14: 1974.91 | M14: N/A | N14: N/A | O14: N/A | P14: N/A | Q14: 15765612 | R14: 44.83 | S14: NO | T14: N/A | U14: DRY TREE | V14: 43628 | W14: 43627.25 | X14: 43690.271 | Y14: 2227.92 | Z14: SHALLOW WATER | AA14: 2347.7 | AB14: 1976.89 | AC14: N/A | AD14: N/A | AE14: N/A | AF14: N/A | AG14: 15622646 | AH14: 43.3 | AI14: 13.11 | AJ14: 13.11 | AK14: SW DEV C4 OHPDL | AL14: SW DEV C4 | AM14: Yes | AN14: 2.5 | AO14: Yes | AP14: 1010 | AQ14: Yes | AR14: 1705 | AS14: 2.34 | AT14: 2.34 | AU14: 747 | AV14: 747 | AW14: 1802 | AX14: 1802 | BD14: 12.65 | BE14: 3107335.5 | BH14: CARBONATE | BI14: NORMAL | BJ14: OPEN HOLE PREDRILLED LINER | BK14: NO | BL14: NO | BM14: 7" | BN14: 1.0 | BO14: SINGLE | BP14: L80 13CR | BQ14: 0 | BR14: True | BT14: SUPER 13CR | BU14: 10.3 | BV14: NACOOH | BW14: NO | BX14: NO | BY14: =IF(COUNTIF('Data Upload-prod'!E:E,F14)=0,"Missing","Exist") -> Exist
A15: 43369 | B15: 43546 | C15: SHELL | D15: SB | E15: GEMILANG | F15: GEMILANG-1 | G15: EXPLORATION/APPRAISAL | H15: WEST CAPELLA | I15: DRILLSHIP | J15: 1022.25 | K15: 2885.71 | L15: 2693.69 | M15: 23400000 | N15: 31480000 | O15: 34.2 | P15: 45.3 | Q15: N/A | R15: N/A | S15: NO | T15: N/A | U15: N/A | V15: 43445 | W15: 43415.875 | X15: 43461.875 | Y15: 1838.46 | Z15: DEEP WATER | AA15: 2885.71 | AB15: 2668.7 | AC15: N/A | AD15: 31500000 | AE15: N/A | AF15: 45.3 | AG15: N/A | AH15: N/A | AI15: 11.65 | AJ15: 11.65 | AK15: No DMS category. Having value but not sure refering which version | AL15: No | AM15: No | AO15: No | AQ15: No | AS15: No | AU15: No | AW15: No | BY15: =IF(COUNTIF('Data Upload-prod'!E:E,F15)=0,"Missing","Exist") -> Exist
A16: 43333 | B16: 43462 | C16: REPSOL | D16: PM | E16: BUNGA ORKID | F16: BOB-9(J) | G16: APPRAISAL CUM DEV/DEVELOPMENT | H16: PVD-3 | I16: JACK UP | J16: 54.6 | K16: 4530.1 | L16: 2190 | M16: N/A | N16: N/A | O16: N/A | P16: N/A | Q16: 14900000 | R16: 42.14 | S16: NO | T16: N/A | U16: DRY TREE | V16: 43354 | W16: 43347.792 | X16: 43411.062 | Y16: 4652.6 | Z16: SHALLOW WATER | AA16: 4745 | AB16: 2222.84 | AC16: N/A | AD16: N/A | AE16: N/A | AF16: N/A | AG16: 13977440 | AH16: 63.27 | AI16: 33.55 | AJ16: 19.07 | AK16: No DMS category | AL16: No | AM16: No | AO16: No | AQ16: No | AS16: No | AU16: No | AW16: No | BD16: 18 | BE16: 4000000 | BH16: SANDSTONE | BI16: NORMAL | BJ16: OPEN HOLE PREDRILLED LINER | BK16: NO | BL16: NO | BM16: 3-1/2" | BN16: 1.0 | BO16: SINGLE | BP16: L80 13CR | BQ16: 2237.5328 | BR16: True | BS16: NONE | BT16: L80 13CR | BU16: 8.6 | BV16: KCL | BW16: NO | BX16: NO | BY16: =IF(COUNTIF('Data Upload-prod'!E:E,F16)=0,"Missing","Exist") -> Exist
A17: 43314 | B17: N/A | C17: REPSOL | D17: PM | E17: BUNGA PAKMA | F17: BPA-6 | G17: APPRAISAL CUM DEV/DEVELOPMENT | H17: PVD-3 | I17: JACK UP | J17: 58 | K17: 4278 | L17: 3029 | M17: N/A | N17: N/A | O17: N/A | P17: N/A | Q17: 8366634 | R17: 22 | S17: NO | T17: N/A | U17: DRY TREE | V17: 43326 | W17: 43324.833 | X17: 43346 | Y17: 4177.13 | Z17: SHALLOW WATER | AA17: 4278 | AB17: 3029 | AC17: N/A | AD17: N/A | AE17: N/A | AF17: N/A | AG17: 6700000 | AH17: 21.17 | AI17: 8.3 | AJ17: 8.3 | AK17: No DMS category | AL17: No | AM17: No | AO17: No | AQ17: No | AS17: No | AU17: No | AW17: No | BD17: 6.51 | BE17: 2629741 | BH17: SANDSTONE | BI17: NORMAL | BJ17: CASED HOLE CEMENTED MONOBORE | BK17: NO | BL17: NO | BM17: 5-1/2" | BN17: 1.0 | BO17: SINGLE | BP17: L80 13CR | BQ17: 63.976378 | BR17: True | BS17: NONE | BT17: L80 13CR | BU17: 6.84 | BV17: BASE OIL/DIESEL | BW17: NO | BX17: NO | BY17: =IF(COUNTIF('Data Upload-prod'!E:E,F17)=0,"Missing","Exist") -> Exist
A18: 43300 | B18: 43420 | C18: SHELL | D18: SK | E18: RERAMA | F18: RERAMA-1 | G18: EXPLORATION/APPRAISAL | H18: NAGA-7 | I18: JACK UP | J18: 60.65 | K18: 1829.02 | L18: 1430.36 | M18: 9517000 | N18: 13400000 | O18: 22.43 | P18: 30.29 | Q18: N/A | R18: N/A | S18: NO | T18: N/A | U18: N/A | V18: 43351 | W18: 43346.854 | X18: 43370.74 | Y18: 1376.1 | Z18: SHALLOW WATER | AA18: 1467.54 | AB18: 1467.54 | AC18: 5640000 | AD18: N/A | AE18: 23.89 | AF18: N/A | AG18: N/A | AH18: N/A | AI18: 4.23 | AJ18: 4.23 | AK18: No DMS category | AL18: No | AM18: No | AO18: No | AQ18: No | AS18: No | AU18: No | AW18: No | BY18: =IF(COUNTIF('Data Upload-prod'!E:E,F18)=0,"Missing","Exist") -> Exist
A19: 43268 | B19: 43334 | C19: REPSOL | D19: PM | E19: BUNGA PAKMA | F19: BPA-4 | G19: APPRAISAL CUM DEV/DEVELOPMENT | H19: PVD-3 | I19: JACK UP | J19: 58 | K19: 4887 | L19: 3353 | M19: N/A | N19: N/A | O19: N/A | P19: N/A | Q19: 14232446 | R19: 33.29 | S19: NO | T19: N/A | U19: DRY TREE | V19: 43269 | W19: 43269.396 | X19: 43324.833 | Y19: 4849.13 | Z19: SHALLOW WATER | AA19: 4950 | AB19: 3422 | AC19: N/A | AD19: N/A | AE19: N/A | AF19: N/A | AG19: 11240000 | AH19: 33.3 | AI19: 8.09 | AJ19: 8.03 | AK19: SW DEV C2 PM - MONOBORE | AL19: SW DEV C2 | AM19: Yes | AN19: 3.2 | AO19: Yes | AP19: 1300 | AQ19: Yes | AR19: 1600 | AS19: Yes | AT19: 1.97 | AU19: Yes | AV19: 669 | AW19: Yes | AX19: 757 | BD19: 6.57 | BE19: 1902000 | BH19: SANDSTONE | BI19: NORMAL | BJ19: CASED HOLE CEMENTED MONOBORE | BK19: NO | BL19: NO | BM19: 5-1/2" | BN19: 1.0 | BO19: SINGLE | BP19: L80 13CR | BQ19: 63.976378 | BR19: True | BS19: NONE | BT19: L80 13CR | BU19: 6.84 | BV19: BASE OIL/DIESEL | BW19: NO | BX19: NO | BY19: =IF(COUNTIF('Data Upload-prod'!E:E,F19)=0,"Missing","Exist") -> Exist
A20: 43201 | B20: 43286 | C20: REPSOL | D20: SB | E20: KINABALU | F20: KNDW-D08 | G20: APPRAISAL CUM DEV/DEVELOPMENT | H20: NAGA-5 | I20: JACK UP | J20: 54.25 | K20: 3801.89 | L20: 2426.7 | M20: N/A | N20: N/A | O20: N/A | P20: N/A | Q20: 14724389 | R20: 30.34 | S20: NO | T20: N/A | U20: N/A | V20: 43215 | W20: 43215.333 | X20: 43237.083 | Y20: 3806.77 | Z20: SHALLOW WATER | AA20: 3901.25 | AB20: 2425.78 | AC20: N/A | AD20: N/A | AE20: N/A | AF20: N/A | AG20: 9031731 | AH20: 21.75 | AI20: 1.3 | AJ20: 1.3 | AK20: No DMS category | AL20: No | AM20: No | AO20: No | AQ20: No | AS20: No | AU20: No | AW20: No | BY20: =IF(COUNTIF('Data Upload-prod'!E:E,F20)=0,"Missing","Exist") -> Exist
A21: 43191 | B21: 43286 | C21: REPSOL | D21: PM | E21: BUNGA PAKMA | F21: BPA-1 | G21: APPRAISAL CUM DEV/DEVELOPMENT | H21: PVD-3 | I21: JACK UP | J21: 58 | K21: 3268 | L21: 2947.1 | M21: N/A | N21: N/A | O21: N/A | P21: N/A | Q21: 12440000 | R21: 30.7 | S21: NO | T21: N/A | U21: N/A | V21: 43202 | W21: 43202 | X21: 43226 | Y21: 3154.13 | Z21: SHALLOW WATER | AA21: 3255 | AB21: 2926 | AC21: N/A | AD21: N/A | AE21: N/A | AF21: N/A | AG21: 8530528 | AH21: 24 | AI21: 14 | AJ21: 14 | AK21: No DMS category | AL21: No | AM21: No | AO21: No | AQ21: No | AS21: No | AU21: No | AW21: No | BY21: =IF(COUNTIF('Data Upload-prod'!E:E,F21)=0,"Missing","Exist") -> Exist
A22: 43188 | B22: 43276 | C22: PCSB | D22: SB | E22: SAMARANG | F22: SM-37ST | G22: APPRAISAL CUM DEV/DEVELOPMENT | H22: NAGA-3 | I22: JACK UP | J22: 47 | K22: 3049.38 | L22: 2295.03 | M22: N/A | N22: N/A | O22: N/A | P22: N/A | Q22: 10498894 | R22: 40.21 | S22: NO | T22: N/A | U22: DRY TREE | V22: 43224 | W22: 43224 | X22: 43240 | Y22: 2740.57 | Z22: SHALLOW WATER | AA22: 2822.31 | AB22: 2110.94 | AC22: N/A | AD22: N/A | AE22: N/A | AF22: N/A | AG22: 5170000 | AH22: 22.1 | AI22: 0.28 | AJ22: 0.28 | AK22: No DMS category | AL22: No | AM22: No | AO22: No | AQ22: No | AS22: No | AU22: No | AW22: No | BD22: 6.29 | BE22: 2046460 | BH22: SANDSTONE | BI22: NORMAL | BJ22: CASED HOLE | BK22: NO | BL22: NO | BM22: 3-1/2" | BN22: 5.0 | BO22: SINGLE | BP22: L80 | BQ22: 600 | BR22: False | BS22: NONE | BT22: 13CR | BU22: 8.5 | BV22: SEAWATER/DRILLWATER | BW22: NO | BX22: NO | BY22: =IF(COUNTIF('Data Upload-prod'!E:E,F22)=0,"Missing","Exist") -> Exist
A23: 43181 | B23: 43271 | C23: REPSOL | D23: SB | E23: KINABALU | F23: KNDW-D16 | G23: APPRAISAL CUM DEV/DEVELOPMENT | H23: NAGA-5 | I23: JACK UP | J23: 54.25 | K23: 2133.8 | L23: 1977.14 | M23: N/A | N23: N/A | O23: N/A | P23: N/A | Q23: 10567967 | R23: 21 | S23: NO | T23: N/A | U23: N/A | V23: 43200 | W23: 43199.583 | X23: 43214.375 | Y23: 2005.18 | Z23: SHALLOW WATER | AA23: 2099.66 | AB23: 1933.86 | AC23: N/A | AD23: N/A | AE23: N/A | AF23: N/A | AG23: 6043404 | AH23: 14.83 | AI23: 0.13 | AJ23: 0.13 | AK23: No DMS category | AL23: No | AM23: No | AO23: No | AQ23: No | AS23: No | AU23: No | AW23: No | BY23: =IF(COUNTIF('Data Upload-prod'!E:E,F23)=0,"Missing","Exist") -> Exist
A24: 43152 | B24: 43223 | C24: REPSOL | D24: SB | E24: KINABALU | F24: KNDW-D02 | G24: APPRAISAL CUM DEV/DEVELOPMENT | H24: NAGA-5 | I24: JACK UP | J24: 54.25 | K24: 4323.97 | L24: 3669.03 | M24: N/A | N24: N/A | O24: N/A | P24: N/A | Q24: 15840192 | R24: 36.98 | S24: NO | T24: N/A | U24: N/A | V24: 43168 | W24: 43167.583 | X24: 43199.542 | Y24: 4203.9 | Z24: SHALLOW WATER | AA24: 4298.38 | AB24: 3667.03 | AC24: N/A | AD24: N/A | AE24: N/A | AF24: N/A | AG24: 13783161 | AH24: 31.96 | AI24: 3.46 | AJ24: 3.46 | AK24: No DMS category | AL24: No | AM24: No | AO24: No | AQ24: No | AS24: No | AU24: No | AW24: No | BY24: =IF(COUNTIF('Data Upload-prod'!E:E,F24)=0,"Missing","Exist") -> Exist
A25: 43021 | B25: 43270 | C25: ROC OIL | D25: SK | E25: J4 | F25: J4-A09 | G25: APPRAISAL CUM DEV/DEVELOPMENT | H25: PERISAI PACIFIC-101 | I25: JACK UP | J25: 53.64 | K25: 1956.11 | L25: 1956.11 | M25: N/A | N25: N/A | O25: N/A | P25: N/A | Q25: 11610000 | R25: 24.48 | S25: NO | T25: N/A | U25: N/A | V25: 43101 | W25: 43100 | X25: 43209 | Y25: 2120.7 | Z25: SHALLOW WATER | AA25: 2217.31 | AB25: 1630.57 | AC25: N/A | AD25: N/A | AE25: N/A | AF25: N/A | AG25: 8668774 | AH25: 33.63 | AI25: 7.52 | AJ25: 7.24 | AK25: No DMS category | AL25: No | AM25: No | AO25: No | AQ25: No | AS25: No | AU25: No | AW25: No | BY25: =IF(COUNTIF('Data Upload-prod'!E:E,F25)=0,"Missing","Exist") -> Exist
A26: 42828 | B26: 43049 | C26: ROC OIL | D26: SK | E26: D21 | F26: D21-A7ST1 | G26: APPRAISAL CUM DEV/DEVELOPMENT | H26: PERISAI PACIFIC-101 | I26: JACK UP | J26: 50.59 | K26: 3913.44 | L26: 2294.18 | M26: N/A | N26: N/A | O26: N/A | P26: N/A | Q26: 11189579 | R26: 27.45 | S26: NO | T26: N/A | U26: N/A | V26: 42919 | W26: 42913.5 | X26: 42992 | Y26: 3817.13 | Z26: SHALLOW WATER | AA26: 3913.44 | AB26: 2294.26 | AC26: N/A | AD26: N/A | AE26: N/A | AF26: N/A | AG26: 14508177 | AH26: 47.83 | AI26: 25.72 | AJ26: 25.7 | AK26: No DMS category | AL26: No | AM26: No | AO26: No | AQ26: No | AS26: No | AU26: No | AW26: No | BY26: =IF(COUNTIF('Data Upload-prod'!E:E,F26)=0,"Missing","Exist") -> Exist
A27: 42826 | B27: 42989 | C27: REPSOL | D27: PM | E27: BUNGA ORKID | F27: NBO-4 | G27: EXPLORATION/APPRAISAL | H27: ENSCO-52 | I27: JACK UP | J27: 54.7 | K27: 4174 | L27: 2471 | M27: 25018081 | N27: 25018081 | O27: 70.26 | P27: 70.26 | Q27: N/A | R27: N/A | S27: SIDETRACK | T27: N/A | U27: N/A | V27: 42875.396 | W27: 42869.438 | X27: 42955.375 | Y27: 3145.3 | Z27: SHALLOW WATER | AA27: 3230 | AB27: 2009 | AC27: N/A | AD27: 20595074 | AE27: N/A | AF27: 54.94 | AG27: N/A | AH27: N/A | AI27: 13.27 | AJ27: 13.25 | AK27: No DMS category | AL27: No | AM27: No | AO27: No | AQ27: No | AS27: No | AU27: No | AW27: No | BY27: =IF(COUNTIF('Data Upload-prod'!E:E,F27)=0,"Missing","Exist") -> Exist
A28: 42821 | B28: 43052 | C28: ROC OIL | D28: SK | E28: D21 | F28: D21-P1 | G28: APPRAISAL CUM DEV/DEVELOPMENT | H28: PERISAI PACIFIC-101 | I28: JACK UP | J28: 50.59 | K28: 2796.71 | L28: 2183.18 | M28: N/A | N28: N/A | O28: N/A | P28: N/A | Q28: 11000000 | R28: 23.29 | S28: NO | T28: N/A | U28: N/A | V28: 42872.719 | W28: 42867.354 | X28: 42990.167 | Y28: 2677.23 | Z28: SHALLOW WATER | AA28: 2773.54 | AB28: 2158.06 | AC28: N/A | AD28: N/A | AE28: N/A | AF28: N/A | AG28: 10427402 | AH28: 29.15 | AI28: 10.25 | AJ28: 10.25 | AK28: No DMS category | AL28: No | AM28: No | AO28: No | AQ28: No | AS28: No | AU28: No | AW28: No | BY28: =IF(COUNTIF('Data Upload-prod'!E:E,F28)=0,"Missing","Exist") -> Exist
A29: 42769 | B29: 42907 | C29: PETROFAC | D29: PM | E29: WEST DESARU | F29: WD-A17ST1 | G29: APPRAISAL CUM DEV/DEVELOPMENT | H29: NAGA-5 | I29: JACK UP | J29: 65.8 | K29: 2830 | L29: 1604 | M29: N/A | N29: N/A | O29: N/A | P29: N/A | Q29: 7142000 | R29: 23.9 | S29: NO | T29: N/A | U29: DRY TREE | V29: 42859 | W29: 42859 | X29: 42881 | Y29: 2738.74 | Z29: SHALLOW WATER | AA29: 2848 | AB29: 1608 | AC29: N/A | AD29: N/A | AE29: N/A | AF29: N/A | AG29: 6940000 | AH29: 22.2 | AI29: 2.82 | AJ29: 2.82 | AK29: No DMS category | AL29: No | AM29: No | AO29: No | AQ29: No | AS29: No | AU29: No | AW29: No | BD29: 8.82 | BE29: 3317397.7 | BH29: SANDSTONE | BI29: NORMAL | BJ29: CASED HOLE | BK29: NO | BL29: NO | BM29: 2-7/8" | BN29: 1.0 | BO29: SINGLE | BP29: L80 13CR | BQ29: 0 | BR29: False | BT29: L80 13CR | BU29: 9.1 | BV29: NACL | BW29: NO | BX29: NO | BY29: =IF(COUNTIF('Data Upload-prod'!E:E,F29)=0,"Missing","Exist") -> Exist
A30: 42530 | B30: 42803 | C30: NOEX | D30: SK | E30: LAYANG | F30: LAYANG-2 | G30: APPRAISAL CUM DEV/DEVELOPMENT | H30: SAPURA BERANI | I30: TENDER ASSISTED DRILLING RIG (TADR) | J30: 87 | K30: 4028 | L30: 3635 | M30: N/A | N30: N/A | O30: N/A | P30: N/A | Q30: 23294644 | R30: 46.81 | S30: SIDETRACK | T30: N/A | U30: N/A | V30: 42586 | W30: 42586 | X30: 42742.5 | Y30: 4232.8 | Z30: SHALLOW WATER | AA30: 4350 | AB30: 3663 | AC30: N/A | AD30: N/A | AE30: N/A | AF30: N/A | AG30: 25292683 | AH30: 83.41 | AI30: 0.46 | AJ30: 0.46 | AK30: No DMS category | AL30: No | AM30: No | AO30: No | AQ30: No | AS30: No | AU30: No | AW30: No | BY30: =IF(COUNTIF('Data Upload-prod'!E:E,F30)=0,"Missing","Exist") -> Exist
A31: 42436 | B31: 42502 | C31: EMEPMI | D31: PM | E31: GUNTONG | F31: GUNTONG-C14ST1 | G31: APPRAISAL CUM DEV/DEVELOPMENT | H31: T-9 | I31: TENDER ASSISTED DRILLING RIG (TADR) | J31: 63.7 | K31: 2240 | L31: 1978 | M31: N/A | N31: N/A | O31: N/A | P31: N/A | Q31: 13600000 | R31: 24.6 | S31: SIDETRACK | T31: N/A | U31: N/A | V31: 42451 | W31: 42451 | X31: 42463 | Y31: 2143 | Z31: SHALLOW WATER | AA31: 2240 | AB31: 1978 | AC31: N/A | AD31: N/A | AE31: N/A | AF31: N/A | AG31: 11500000 | AH31: 13.6 | AI31: 3.5 | AJ31: 3.5 | AK31: No DMS category | AL31: No | AM31: No | AO31: No | AQ31: No | AS31: No | AU31: No | AW31: No | BY31: =IF(COUNTIF('Data Upload-prod'!E:E,F31)=0,"Missing","Exist") -> Exist
A32: 42412 | B32: 42481 | C32: EMEPMI | D32: PM | E32: GUNTONG | F32: GUNTONG-C05ST1 | G32: APPRAISAL CUM DEV/DEVELOPMENT | H32: T-9 | I32: TENDER ASSISTED DRILLING RIG (TADR) | J32: 63.7 | K32: 2565 | L32: 2021 | M32: N/A | N32: N/A | O32: N/A | P32: N/A | Q32: 19820000 | R32: 26 | S32: NO | T32: N/A | U32: N/A | V32: 42421 | W32: 42421 | X32: 42440 | Y32: 2470 | Z32: SHALLOW WATER | AA32: 2567 | AB32: 2021 | AC32: N/A | AD32: N/A | AE32: N/A | AF32: N/A | AG32: 11700000 | AH32: 19.25 | AI32: 0.78 | AJ32: 0.78 | AK32: No DMS category | AL32: No | AM32: No | AO32: No | AQ32: No | AS32: No | AU32: No | AW32: No | BY32: =IF(COUNTIF('Data Upload-prod'!E:E,F32)=0,"Missing","Exist") -> Exist
A33: 42338 | B33: 42424 | C33: EMEPMI | D33: PM | E33: GUNTONG | F33: GUNTONG-C10 | G33: APPRAISAL CUM DEV/DEVELOPMENT | H33: T-9 | I33: TENDER ASSISTED DRILLING RIG (TADR) | J33: 63.7 | K33: 3310 | L33: 1954 | M33: N/A | N33: N/A | O33: N/A | P33: N/A | Q33: 11600000 | R33: 21.1 | S33: SIDETRACK | T33: N/A | U33: N/A | V33: 42351.5 | W33: 42351.5 | X33: 42379 | Y33: 3208 | Z33: SHALLOW WATER | AA33: 3305 | AB33: 1948 | AC33: N/A | AD33: N/A | AE33: N/A | AF33: N/A | AG33: 9300000 | AH33: 21.04 | AI33: 12.7 | AJ33: 12.7 | AK33: No DMS category | AL33: No | AM33: No | AO33: No | AQ33: No | AS33: No | AU33: No | AW33: No | BY33: =IF(COUNTIF('Data Upload-prod'!E:E,F33)=0,"Missing","Exist") -> Exist
A34: 42237 | B34: 42314 | C34: PCSB | D34: SB | E34: SAMARANG | F34: SAMARANG EAST-1 | G34: EXPLORATION/APPRAISAL | H34: NAGA-4 | I34: JACK UP | J34: 10.06 | K34: 2900.94 | L34: 2232.25 | M34: 15563189 | N34: 15563189 | O34: 26.4 | P34: 26.4 | Q34: N/A | R34: N/A | S34: NO | T34: N/A | U34: N/A | V34: 42255.333 | W34: 42250 | X34: 42291 | Y34: 2982.81 | Z34: SHALLOW WATER | AA34: 3023.47 | AB34: 2262.72 | AC34: N/A | AD34: 15120935 | AE34: N/A | AF34: 37.17 | AG34: N/A | AH34: N/A | AI34: 5.38 | AJ34: 5.38 | AK34: No DMS category | AL34: No | AM34: No | AO34: No | AQ34: No | AS34: No | AU34: No | AW34: No | BY34: =IF(COUNTIF('Data Upload-prod'!E:E,F34)=0,"Missing","Exist") -> Exist
A35: 42026 | B35: 42229 | C35: PCSB | D35: SK | E35: BAYAN | F35: BAYAN-220 | G35: APPRAISAL CUM DEV/DEVELOPMENT | H35: TASHA | I35: JACK UP | J35: 29.26 | K35: 2282.84 | L35: 1427.92 | M35: N/A | N35: N/A | O35: N/A | P35: N/A | Q35: 20890000 | R35: 23.38 | S35: NO | T35: N/A | U35: DRY TREE | V35: 42131 | W35: 42130 | X35: 42192 | Y35: 2014.32 | Z35: SHALLOW WATER | AA35: 2093.57 | AB35: 1236.21 | AC35: N/A | AD35: N/A | AE35: N/A | AF35: N/A | AG35: 11194141 | AH35: 28.86 | AI35: 8.63 | AJ35: 5.91 | AK35: No DMS category | AL35: No | AM35: No | AO35: No | AQ35: No | AS35: No | AU35: No | AW35: No | BY35: =IF(COUNTIF('Data Upload-prod'!E:E,F35)=0,"Missing","Exist") -> Exist
A36: 41990 | B36: 42199 | C36: PCSB | D36: SK | E36: BAYAN | F36: BAYAN-221 | G36: APPRAISAL CUM DEV/DEVELOPMENT | H36: TASHA | I36: JACK UP | J36: 29.26 | K36: 2199.33 | L36: 1261.2 | M36: N/A | N36: N/A | O36: N/A | P36: N/A | Q36: 19106061 | R36: 26.2 | S36: SIDETRACK | T36: N/A | U36: N/A | V36: 42073 | W36: 42066 | X36: 42170 | Y36: 1776.29 | Z36: SHALLOW WATER | AA36: 1855.53 | AB36: 1256.63 | AC36: N/A | AD36: N/A | AE36: N/A | AF36: N/A | AG36: 16347000 | AH36: 31.9 | AI36: 41.7 | AJ36: 41.7 | AK36: No DMS category | AL36: No | AM36: No | AO36: No | AQ36: No | AS36: No | AU36: No | AW36: No | BY36: =IF(COUNTIF('Data Upload-prod'!E:E,F36)=0,"Missing","Exist") -> Exist
A37: 41978 | B37: 42173 | C37: PCSB | D37: SK | E37: BAYAN | F37: BAYAN-223 | G37: APPRAISAL CUM DEV/DEVELOPMENT | H37: TASHA | I37: JACK UP | J37: 29.26 | K37: 2582.14 | L37: 1360.26 | M37: N/A | N37: N/A | O37: N/A | P37: N/A | Q37: 20340000 | R37: 28 | S37: NO | T37: N/A | U37: DRY TREE | V37: 42053.375 | W37: 42050.198 | X37: 42110 | Y37: 2539.26 | Z37: SHALLOW WATER | AA37: 2615.15 | AB37: 1357.51 | AC37: N/A | AD37: N/A | AE37: N/A | AF37: N/A | AG37: 63600000 | AH37: 41.35 | AI37: 27.7 | AJ37: 27.7 | AK37: SW DEV C1 | AL37: SW DEV C1 | AM37: Yes | AN37: 2.2 | AO37: Yes | AP37: 830 | AQ37: Yes | AR37: 1395 | AS37: No | AU37: No | AW37: No | BY37: =IF(COUNTIF('Data Upload-prod'!E:E,F37)=0,"Missing","Exist") -> Exist
A38: 41974 | B38: N/A | C38: SHELL | D38: SB | E38: SOUTH FURIOUS | F38: SF-16S2 | G38: APPRAISAL CUM DEV/DEVELOPMENT | H38: WEST VIGILANT | I38: JACK UP | J38: 49.07 | K38: 1471.5 | L38: 1122.52 | M38: N/A | N38: N/A | O38: N/A | P38: N/A | Q38: 113600000 | R38: 56.8 | S38: SIDETRACK | T38: N/A | U38: N/A | V38: 42035 | W38: 42035 | X38: 42053 | Y38: 1397.9 | Z38: SHALLOW WATER | AA38: 1490.09 | AB38: 1134.72 | AC38: N/A | AD38: N/A | AE38: N/A | AF38: N/A | AG38: 36039203 | AH38: 69.5 | AI38: 2.74 | AJ38: 2.74 | AK38: No DMS category | AL38: No | AM38: No | AO38: No | AQ38: No | AS38: No | AU38: No | AW38: No | BY38: =IF(COUNTIF('Data Upload-prod'!E:E,F38)=0,"Missing","Exist") -> Exist
A39: 41935 | B39: 42115 | C39: EMEPMI | D39: PM | E39: TELOK | F39: TELOK-B4 | G39: APPRAISAL CUM DEV/DEVELOPMENT | H39: WEST LEDA | I39: JACK UP | J39: 63.6 | K39: 2746 | L39: 2134 | M39: N/A | N39: N/A | O39: N/A | P39: N/A | Q39: 25500000 | R39: 47.2 | S39: NO | T39: N/A | U39: DRY TREE | V39: 41953.375 | W39: 41952.312 | X39: 42075.708 | Y39: 2601.53 | Z39: SHALLOW WATER | AA39: 2710 | AB39: 2107.2 | AC39: N/A | AD39: N/A | AE39: N/A | AF39: N/A | AG39: 21232400 | AH39: 30.4 | AI39: 9.74 | AJ39: 9.74 | AK39: No DMS category | AL39: No | AM39: No | AO39: No | AQ39: No | AS39: No | AU39: No | AW39: No | BD39: 4.18 | BE39: 3161620.8 | BH39: SANDSTONE | BI39: NORMAL | BJ39: CASED HOLE GRAVEL PACK | BK39: NO | BL39: NO | BM39: 3-1/2" | BN39: 5.0 | BO39: DUAL | BP39: L80 13CR | BQ39: 2490 | BR39: True | BS39: NONE | BT39: L80 13CR | BU39: 9.5 | BV39: NACL | BW39: NO | BX39: NO | BY39: =IF(COUNTIF('Data Upload-prod'!E:E,F39)=0,"Missing","Exist") -> Exist
A40: 41855 | B40: 42145 | C40: EMEPMI | D40: PM | E40: TELOK | F40: TELOK-B6 | G40: APPRAISAL CUM DEV/DEVELOPMENT | H40: WEST LEDA | I40: JACK UP | J40: 63.6 | K40: 2370 | L40: 1160 | M40: N/A | N40: N/A | O40: N/A | P40: N/A | Q40: 25900000 | R40: 40.3 | S40: NO | T40: N/A | U40: N/A | V40: 41949.458 | W40: 41948 | X40: 42075.208 | Y40: 2332.53 | Z40: SHALLOW WATER | AA40: 2441 | AB40: 1175.89 | AC40: N/A | AD40: N/A | AE40: N/A | AF40: N/A | AG40: 21609800 | AH40: 28.44 | AI40: 5.41 | AJ40: 5.41 | AK40: No DMS category | AL40: No | AM40: No | AO40: No | AQ40: No | AS40: No | AU40: No | AW40: No | BY40: =IF(COUNTIF('Data Upload-prod'!E:E,F40)=0,"Missing","Exist") -> Exist
A41: 41816 | B41: 41927 | C41: SAPURA OMV | D41: PM | E41: EAST BELUMUT | F41: EB A-08ST1 | G41: APPRAISAL CUM DEV/DEVELOPMENT | H41: ENSCO-106 | I41: JACK UP | J41: 72 | K41: 3377.77 | L41: 1167.65 | M41: N/A | N41: N/A | O41: N/A | P41: N/A | Q41: 14391370 | R41: 24.98 | S41: NO | T41: N/A | U41: N/A | V41: 41863 | W41: 41863.5 | X41: 41879.583 | Y41: 3306.3 | Z41: SHALLOW WATER | AA41: 3423 | AB41: 1167.12 | AC41: N/A | AD41: N/A | AE41: N/A | AF41: N/A | AG41: 9056198 | AH41: 16.08 | AI41: 6.93 | AJ41: 6.93 | AK41: No DMS category | AL41: No | AM41: No | AO41: No | AQ41: No | AS41: No | AU41: No | AW41: No | BY41: =IF(COUNTIF('Data Upload-prod'!E:E,F41)=0,"Missing","Exist") -> Missing
A42: 41816 | B42: 41995 | C42: EMEPMI | D42: PM | E42: TELOK | F42: TELOK-B3 | G42: APPRAISAL CUM DEV/DEVELOPMENT | H42: WEST LEDA | I42: JACK UP | J42: 63.6 | K42: 1546 | L42: 882 | M42: N/A | N42: N/A | O42: N/A | P42: N/A | Q42: 17800000 | R42: 26.5 | S42: NO | T42: N/A | U42: DRY TREE | V42: 41904.021 | W42: 41903 | X42: 41948 | Y42: 1441.53 | Z42: SHALLOW WATER | AA42: 1550 | AB42: 886 | AC42: N/A | AD42: N/A | AE42: N/A | AF42: N/A | AG42: 14856000 | AH42: 22.02 | AI42: 2.6 | AJ42: 2.6 | AK42: No DMS category | AL42: No | AM42: No | AO42: No | AQ42: No | AS42: No | AU42: No | AW42: No | BD42: 5.3 | BE42: 1946000 | BH42: SANDSTONE | BI42: NORMAL | BJ42: CASED HOLE GRAVEL PACK | BK42: NO | BL42: NO | BM42: 7" | BN42: 1.0 | BO42: SINGLE | BP42: L80 13CR | BQ42: 36 | BR42: True | BS42: NONE | BT42: L80 13CR | BU42: 9 | BV42: NACL | BW42: NO | BX42: NO | BY42: =IF(COUNTIF('Data Upload-prod'!E:E,F42)=0,"Missing","Exist") -> Exist
A43: 41814 | B43: 41904 | C43: SAPURA OMV | D43: PM | E43: EAST BELUMUT | F43: EB-A05ST2 | G43: APPRAISAL CUM DEV/DEVELOPMENT | H43: ENSCO-106 | I43: JACK UP | J43: 72 | K43: 4035 | L43: 1168 | M43: N/A | N43: N/A | O43: N/A | P43: N/A | Q43: 19393900 | R43: 34.5 | S43: SIDETRACK | T43: N/A | U43: N/A | V43: N/A | W43: 41836.75 | X43: 41863.5 | Y43: 3614.3 | Z43: SHALLOW WATER | AA43: 3731 | AB43: 1165.7 | AC43: N/A | AD43: N/A | AE43: N/A | AF43: N/A | AG43: 15185289 | AH43: 26.75 | AI43: 23.73 | AJ43: 23.64 | AK43: No DMS category | AL43: No | AM43: No | AO43: No | AQ43: No | AS43: No | AU43: No | AW43: No | BY43: =IF(COUNTIF('Data Upload-prod'!E:E,F43)=0,"Missing","Exist") -> Missing
A44: 41598 | B44: N/A | C44: SHELL | D44: SK | E44: D12 | F44: D12-101A | G44: APPRAISAL CUM DEV/DEVELOPMENT | H44: ENSCO-105 | I44: JACK UP | J44: 49.68 | K44: 3280.34 | L44: 2142.33 | M44: N/A | N44: N/A | O44: N/A | P44: N/A | Q44: 103628205 | R44: 59.8 | S44: NO | T44: N/A | U44: N/A | V44: 41620.583 | W44: 41620.583 | X44: 41717.25 | Y44: 3300.52 | Z44: SHALLOW WATER | AA44: 3399.88 | AB44: 2202.99 | AC44: N/A | AD44: N/A | AE44: N/A | AF44: N/A | AG44: 19165255 | AH44: 49.72 | AI44: 10.06 | AJ44: 3.06 | AK44: No DMS category | AL44: No | AM44: No | AO44: No | AQ44: No | AS44: No | AU44: No | AW44: No | BY44: =IF(COUNTIF('Data Upload-prod'!E:E,F44)=0,"Missing","Exist") -> Exist
A45: 41389 | B45: 41578 | C45: KPOC | D45: SB | E45: KAMUNSU EAST | F45: KME-2 | G45: EXPLORATION/APPRAISAL | H45: ENSCO-8504 | I45: SEMI-SUB | J45: 808.5 | K45: 3412 | L45: 2661 | M45: 72109491 | N45: 72109491 | O45: 56 | P45: 56 | Q45: N/A | R45: N/A | S45: SIDETRACK | T45: N/A | U45: N/A | V45: N/A | W45: 41472 | X45: 41527.646 | Y45: 2729.1 | Z45: DEEP WATER | AA45: 3564 | AB45: 2627 | AC45: N/A | AD45: 68000000 | AE45: N/A | AF45: 55.65 | AG45: N/A | AH45: N/A | AI45: 15.58 | AJ45: 10.13 | AK45: DW EXP C2 | AL45: DW EXP C2 | AM45: Yes | AN45: 4.4 | AO45: Yes | AP45: 4200 | AQ45: Yes | AR45: 6400 | AS45: 2.56 | AT45: 2.56 | AU45: 2562 | AV45: 2562 | AW45: 5031 | AX45: 5031 | BY45: =IF(COUNTIF('Data Upload-prod'!E:E,F45)=0,"Missing","Exist") -> Exist
A46: 41092 | B46: 41165 | C46: IPC | D46: SB | E46: BERANGAN | F46: BERANGAN-1 | G46: EXPLORATION/APPRAISAL | H46: OFFSHORE COURAGEOUS | I46: JACK UP | J46: 66.4 | K46: 1709 | L46: 1709 | M46: 13436690 | N46: 30582432 | O46: 31.7 | P46: 72.2 | Q46: N/A | R46: N/A | S46: NO | T46: N/A | U46: N/A | V46: 41118 | W46: 41115 | X46: 41139.688 | Y46: 1608.6 | Z46: SHALLOW WATER | AA46: 1709 | AB46: 1708.6 | AC46: 12953589 | AD46: N/A | AE46: 25 | AF46: N/A | AG46: N/A | AH46: N/A | AI46: 7.83 | AJ46: 7.83 | AK46: No DMS category | AL46: No | AM46: No | AO46: No | AQ46: No | AS46: No | AU46: No | AW46: No | BY46: =IF(COUNTIF('Data Upload-prod'!E:E,F46)=0,"Missing","Exist") -> Missing
A47: 41046 | B47: 41165 | C47: IPC | D47: SB | E47: TIGA PAPAN | F47: TIGA PAPAN-5 | G47: EXPLORATION/APPRAISAL | H47: OFFSHORE COURAGEOUS | I47: JACK UP | J47: 51.4 | K47: 2055 | L47: 1702 | M47: 15083307 | N47: 23734249 | O47: 31.7 | P47: 51.5 | Q47: N/A | R47: N/A | S47: NO | T47: N/A | U47: N/A | V47: 41097 | W47: 41093 | X47: 41115.333 | Y47: 1619.6 | Z47: SHALLOW WATER | AA47: 1705 | AB47: 1704.22 | AC47: 11783404 | AD47: N/A | AE47: 25.7 | AF47: N/A | AG47: N/A | AH47: N/A | AI47: 6.4 | AJ47: 1.2 | AK47: No DMS category | AL47: No | AM47: No | AO47: No | AQ47: No | AS47: No | AU47: No | AW47: No | BY47: =IF(COUNTIF('Data Upload-prod'!E:E,F47)=0,"Missing","Exist") -> Missing
A48: 40841 | B48: 40967 | C48: IPC | D48: PM | E48: BERTAM | F48: BERTAM-2 | G48: EXPLORATION/APPRAISAL | H48: OFFSHORE COURAGEOUS | I48: JACK UP | J48: 76 | K48: 1892 | L48: 1892 | M48: 15420218 | N48: 23562503 | O48: 41.2 | P48: 64.6 | Q48: N/A | R48: N/A | S48: NO | T48: N/A | U48: N/A | V48: 40875 | W48: 40865 | X48: 40923.583 | Y48: 1774 | Z48: SHALLOW WATER | AA48: 1884 | AB48: 1884 | AC48: N/A | AD48: 20860000 | AE48: N/A | AF48: 61.04 | AG48: N/A | AH48: N/A | AI48: 33.89 | AJ48: 29.73 | AK48: No DMS category | AL48: No | AM48: No | AO48: No | AQ48: No | AS48: No | AU48: No | AW48: No | BY48: =IF(COUNTIF('Data Upload-prod'!E:E,F48)=0,"Missing","Exist") -> Missing
A49: 39397 | B49: 41914 | C49: SAPURA OMV | D49: PM | E49: EAST BELUMUT | F49: EB A-01 | G49: APPRAISAL CUM DEV/DEVELOPMENT | H49: ENSCO-106 | I49: JACK UP | J49: 72 | K49: 2400 | L49: 1199 | M49: N/A | N49: N/A | O49: N/A | P49: N/A | Q49: 14682018 | R49: 25.06 | S49: SIDETRACK | T49: N/A | U49: N/A | V49: N/A | W49: 41879.583 | X49: 41898.5 | Y49: 3265.3 | Z49: SHALLOW WATER | AA49: 3382 | AB49: 1163.23 | AC49: N/A | AD49: N/A | AE49: N/A | AF49: N/A | AG49: 9962841 | AH49: 18.92 | AI49: 6.61 | AJ49: 6.28 | AK49: No DMS category | AL49: No | AM49: No | AO49: No | AQ49: No | AS49: No | AU49: No | AW49: No | BY49: =IF(COUNTIF('Data Upload-prod'!E:E,F49)=0,"Missing","Exist") -> Missing
A50: N/A | B50: 42856 | C50: COASTAL ENERGY KBM (CEKBM) | D50: PM | E50: ZAITUN | F50: ZAITUN-1 | G50: EXPLORATION/APPRAISAL | H50: PERISAI PACIFIC-101 | I50: JACK UP | J50: 56.08 | K50: 1605.3 | L50: 1299.3 | M50: 3386000 | N50: 3386000 | O50: 12.79 | P50: 12.79 | Q50: N/A | R50: N/A | S50: SIDETRACK | T50: N/A | U50: N/A | V50: 42814 | W50: 42812.302 | X50: 42825.417 | Y50: 1511.73 | Z50: SHALLOW WATER | AA50: 1603.78 | AB50: 1298.57 | AC50: 2212132.2 | AD50: N/A | AE50: 11.08 | AF50: N/A | AG50: N/A | AH50: N/A | AI50: 13.44 | AJ50: 13.44 | AK50: No DMS category | AL50: No | AM50: No | AO50: No | AQ50: No | AS50: No | AU50: No | AW50: No | BY50: =IF(COUNTIF('Data Upload-prod'!E:E,F50)=0,"Missing","Exist") -> Exist
A51: N/A | B51: N/A | C51: SHELL | D51: SB | E51: MALIKAI | F51: MLK-123 | G51: APPRAISAL CUM DEV/DEVELOPMENT | H51: SAPURA ESPERANZA | I51: SEMI-SUB | J51: 485.98 | K51: 2499.24 | L51: 1327.03 | M51: N/A | N51: N/A | O51: N/A | P51: N/A | Q51: 21952443 | R51: 34.29 | S51: NO | T51: N/A | U51: N/A | V51: 42693 | W51: 42693 | X51: 42868 | Y51: 1358.88 | Z51: DEEP WATER | AA51: 1890.28 | AB51: 1555.32 | AC51: N/A | AD51: N/A | AE51: N/A | AF51: N/A | AG51: 15827000 | AH51: 42.22 | AI51: 20 | AJ51: 12.48 | AK51: No DMS category | AL51: No | AM51: No | AO51: No | AQ51: No | AS51: No | AU51: No | AW51: No | BY51: =IF(COUNTIF('Data Upload-prod'!E:E,F51)=0,"Missing","Exist") -> Exist
A52: N/A | B52: 41782 | C52: COASTAL ENERGY KBM (CEKBM) | D52: PM | E52: MERANTI | F52: MERANTI M3 | G52: APPRAISAL CUM DEV/DEVELOPMENT | H52: ATWOOD MANTA | I52: JACK UP | J52: 58.52 | K52: 2626.94 | L52: 2195.37 | M52: N/A | N52: N/A | O52: N/A | P52: N/A | Q52: 8088505 | R52: 23.65 | S52: SIDETRACK | T52: N/A | U52: N/A | V52: 41636 | W52: 41633 | X52: 41658 | Y52: 1948.8 | Z52: SHALLOW WATER | AA52: 2042.37 | AB52: 1293.51 | AC52: N/A | AD52: N/A | AE52: N/A | AF52: N/A | AG52: 11636127 | AH52: 23.65 | AI52: 59.74 | AJ52: 59.74 | AK52: No DMS category | AL52: No | AM52: No | AO52: No | AQ52: No | AS52: No | AU52: No | AW52: No | BY52: =IF(COUNTIF('Data Upload-prod'!E:E,F52)=0,"Missing","Exist") -> Exist
A53: N/A | B53: 42159 | C53: PETROFAC | D53: PM | E53: WEST DESARU | F53: WD-A16 | G53: APPRAISAL CUM DEV/DEVELOPMENT | H53: TRIDENT-9 | I53: JACK UP | J53: 64.8 | K53: 2418 | L53: 1557.8 | M53: N/A | N53: N/A | O53: N/A | P53: N/A | Q53: 11924078 | R53: 25.04 | S53: NO | T53: N/A | U53: DRY TREE | V53: N/A | W53: 42043.625 | X53: 42081.854 | Y53: 2292.4 | Z53: SHALLOW WATER | AA53: 2400 | AB53: 1549.88 | AC53: N/A | AD53: N/A | AE53: N/A | AF53: N/A | AG53: 9172386.7 | AH53: 26.79 | AI53: 26.91 | AJ53: 26.91 | AK53: No DMS category | AL53: No | AM53: No | AO53: No | AQ53: No | AS53: No | AU53: No | AW53: No | BD53: 9.28 | BE53: 4787728 | BH53: SANDSTONE | BI53: NORMAL | BJ53: CASED HOLE | BK53: NO | BL53: NO | BM53: 3-1/2" | BN53: 3.0 | BO53: DUAL | BP53: GRE | BQ53: 0 | BR53: True | BT53: 25CR | BU53: 11.5 | BV53: NACL/NABR | BW53: NO | BX53: NO | BY53: =IF(COUNTIF('Data Upload-prod'!E:E,F53)=0,"Missing","Exist") -> Exist
A54: N/A | B54: 42856 | C54: COASTAL | D54: PM | E54: MERPAUH | F54: MERPAUH-1 | G54: EXPLORATION/APPRAISAL | H54: PERISAI PACIFIC-101 | I54: JACK UP | J54: 57.3 | K54: 2685.16 | L54: 2323.07 | M54: 6018075 | N54: 7482000 | O54: 23.57 | P54: 31.79 | Q54: N/A | R54: N/A | S54: SIDETRACK | T54: N/A | U54: N/A | V54: 42767 | W54: 42750 | X54: 42809 | Y54: 2429.75 | Z54: SHALLOW WATER | AA54: 2525.14 | AB54: 2267.91 | AC54: N/A | AD54: 8019345 | AE54: N/A | AF54: 39.3 | AG54: N/A | AH54: N/A | AI54: 31.55 | AJ54: 31.55 | AK54: No DMS category | AL54: No | AM54: No | AO54: No | AQ54: No | AS54: No | AU54: No | AW54: No | BY54: =IF(COUNTIF('Data Upload-prod'!E:E,F54)=0,"Missing","Exist") -> Exist
A55: N/A | B55: 41828 | C55: COASTAL ENERGY KBM (CEKBM) | D55: PM | E55: BANANG | F55: BANANG-B4 | G55: APPRAISAL CUM DEV/DEVELOPMENT | H55: ATWOOD MANTA | I55: JACK UP | J55: 58.21 | K55: 2707.1 | L55: 2199.94 | M55: N/A | N55: N/A | O55: N/A | P55: N/A | Q55: 8827944 | R55: 18.09 | S55: NO | T55: N/A | U55: N/A | V55: 41728 | W55: 41726 | X55: 41795 | Y55: 2622.07 | Z55: SHALLOW WATER | AA55: 2716.25 | AB55: 2206.98 | AC55: N/A | AD55: N/A | AE55: N/A | AF55: N/A | AG55: 9909129 | AH55: 27.44 | AI55: 17.85 | AJ55: 17.85 | AK55: No DMS category | AL55: No | AM55: No | AO55: No | AQ55: No | AS55: No | AU55: No | AW55: No | BY55: =IF(COUNTIF('Data Upload-prod'!E:E,F55)=0,"Missing","Exist") -> Exist
A56: 46091 | B56: 46091.625 | C56: VESTIGO | D56: SK | E56: KMSE | F56: KMSE-A06 | G56: APPRAISAL CUM DEV/DEVELOPMENT | H56: NAGA-2 | I56: JACK UP | J56: 85 | K56: 1324.73 | L56: 1201 | M56: N/A | N56: N/A | O56: N/A | P56: N/A | Q56: 5435175 | R56: 9.84 | S56: NO | T56: N/A | U56: DRY TREE | V56: 45413 | W56: 45413.75 | X56: 45449.188 | Y56: 1181.93 | Z56: SHALLOW WATER | AA56: 1300 | AB56: 1198.44 | AC56: N/A | AD56: N/A | AE56: N/A | AF56: N/A | AG56: 3656659 | AH56: 9.84 | AI56: 0.53 | AJ56: 0.53 | AK56: SW DEV SLIM HOLE (WITHOUT OFFLINE CAPABILITY RIG) | AM56: 1.4 | AO56: 550 | AQ56: 1380 | AS56: 1.26 | AU56: 546 | AW56: 916 | AY56: 3.07 | AZ56: 1919565 | BA56: OHSAS/OHPDL | BB56: 0.7 | BC56: 373 | BD56: 2.2 | BE56: 1432394 | BF56: 0.52 | BG56: 336 | BH56: SANDSTONE | BI56: NORMAL | BJ56: OPEN HOLE STAND ALONE SCREEN | BK56: NO | BL56: NO | BM56: 2-7/8" | BN56: 2 | BO56: SINGLE | BP56: L80 | BQ56: 80 | BR56: True | BS56: NONE | BT56: L80 | BU56: 9.4 | BV56: NACL | BW56: NO | BX56: NO | BY56: =IF(COUNTIF('Data Upload-prod'!E:E,F56)=0,"Missing","Exist") -> Missing
A57: 46091 | B57: 46091.644 | C57: VESTIGO | D57: SK | E57: KMSE | F57: LIMAU WEST - 1 | G57: APPRAISAL CUM DEV/DEVELOPMENT | H57: NAGA-2 | I57: JACK UP | J57: 85 | K57: 3570.04 | L57: 1171.38 | M57: N/A | N57: N/A | O57: N/A | P57: N/A | Q57: 8806704 | R57: 17.35 | S57: NO | T57: N/A | U57: DRY TREE | V57: 45409 | W57: 45409.521 | X57: 45441.25 | Y57: 3495.93 | Z57: SHALLOW WATER | AA57: 3614 | AB57: 1188.83 | AC57: N/A | AD57: N/A | AE57: N/A | AF57: N/A | AG57: 8945584 | AH57: 20.24 | AK57: SW DEV SLIM HOLE (WITHOUT OFFLINE CAPABILITY RIG) | AM57: 1.4 | AO57: 550 | AQ57: 870 | AS57: 1.12 | AU57: 488 | AW57: 776 | AY57: 4.83 | AZ57: 3122577 | BA57: OHSAS/OHPDL | BB57: 0.7 | BC57: 373 | BD57: 6.29 | BE57: 3303881 | BF57: 0.53 | BG57: 279 | BH57: SANDSTONE | BI57: NORMAL | BJ57: CASED HOLE STAND ALONE SCREEN | BK57: NO | BL57: NO | BM57: 2-7/8" | BN57: 2 | BO57: SINGLE | BP57: L80 | BQ57: 320 | BR57: True | BS57: NONE | BT57: L80 | BU57: 9 | BY57: =IF(COUNTIF('Data Upload-prod'!E:E,F57)=0,"Missing","Exist") -> Missing
A58: 46078 | B58: 46078.452 | C58: HESS | D58: PM | E58: BUNGA TERATAI | F58: BUNGA TERATAI-C1 | G58: APPRAISAL CUM DEV/DEVELOPMENT | H58: NAGA-5 | I58: JACK UP | J58: 63.61176 | K58: 3887.724 | L58: 1842.8543 | M58: N/A | N58: N/A | O58: N/A | P58: N/A | Q58: 14430000 | R58: 32.9 | S58: NO | T58: N/A | U58: DRY TREE | V58: 45222 | W58: 45221.688 | X58: 45459 | Y58: 3781.335 | Z58: SHALLOW WATER | AA58: 3887.724 | AB58: 1842.85 | AC58: N/A | AD58: N/A | AE58: N/A | AF58: N/A | AG58: 15360215 | AH58: 42.06 | AI58: 9.8 | AJ58: 9.8 | AK58: SW DEV C1 | AM58: 2.1 | AO58: 700 | AQ58: 1220 | AS58: 1.6 | AU58: 652 | AW58: 1262 | AY58: 8.47 | AZ58: 3564239 | BA58: CH | BB58: 1 | BC58: 390 | BD58: 19.25 | BE58: 5279510.9 | BF58: 1.51 | BG58: 435 | BH58: SANDSTONE | BI58: NORMAL | BJ58: CASED HOLE | BK58: NO | BL58: NO | BM58: 4-1/2" | BN58: 1 | BO58: SINGLE | BP58: L80 13CR | BQ58: 247 | BR58: True | BS58: NONE | BT58: L80 13CR | BU58: 8.5 | BV58: KCL | BW58: NO | BX58: NO | BY58: =IF(COUNTIF('Data Upload-prod'!E:E,F58)=0,"Missing","Exist") -> Missing
A59: 46073 | B59: 46073.401 | C59: PCSB | D59: PM | E59: GANSAR | F59: GANSAR-A3 | G59: APPRAISAL CUM DEV/DEVELOPMENT | H59: NAGA-4 | I59: JACK UP | J59: 77.5 | K59: 3138.53 | L59: 2982 | M59: N/A | N59: N/A | O59: N/A | P59: N/A | Q59: 19522616 | R59: 33.19 | S59: NO | T59: N/A | U59: DRY TREE | V59: 45425 | W59: 45425.812 | X59: 45567.635 | Y59: 3747.3 | Z59: SHALLOW WATER | AA59: 3142 | AB59: 2987.05 | AC59: N/A | AD59: N/A | AE59: N/A | AF59: N/A | AG59: 17379644 | AH59: 34.12 | AI59: 10.44 | AJ59: 10.44 | AK59: SW HPHT/HT | AM59: 3.7 | AO59: 1585 | AQ59: 3040 | AS59: 2.28 | AU59: 1127.34 | AW59: 1413.57 | AY59: 4.71 | AZ59: 3987671 | BA59: MONOBORE | BB59: 0.3 | BC59: 159 | BD59: 3.71 | BE59: 2589208 | BF59: 0.3 | BG59: 210.59 | BH59: SANDSTONE | BI59: HPHT | BJ59: CASED HOLE CEMENTED MONOBORE | BK59: NO | BL59: NO | BM59: 3-1/2" | BN59: 1 | BO59: SINGLE | BP59: L80 13CR | BQ59: 12.07 | BR59: True | BS59: NONE | BT59: L80 13CR | BU59: 8.35 | BV59: SEAWATER/DRILLWATER | BW59: NO | BX59: NO | BY59: =IF(COUNTIF('Data Upload-prod'!E:E,F59)=0,"Missing","Exist") -> Missing
A60: 46073 | B60: 46073.411 | C60: PCSB | D60: PM | E60: GANSAR | F60: GANSAR-A4 | G60: APPRAISAL CUM DEV/DEVELOPMENT | H60: NAGA-4 | I60: JACK UP | J60: 77.5 | K60: 4075 | L60: 2974 | M60: N/A | N60: N/A | O60: N/A | P60: N/A | Q60: 20441192 | R60: 33.16 | S60: NO | T60: N/A | U60: DRY TREE | V60: 45435 | W60: 45434.812 | X60: 45599 | Y60: 4049.45 | Z60: SHALLOW WATER | AA60: 4173.65 | AB60: 2966 | AC60: N/A | AD60: N/A | AE60: N/A | AF60: N/A | AG60: 16449360 | AH60: 33.44 | AI60: 1.06 | AJ60: 1.06 | AK60: SW HPHT/HT | AM60: 3.7 | AO60: 1585 | AQ60: 3040 | AS60: 2.25 | AU60: 1055.15 | AW60: 1236.67 | AY60: 5.17 | AZ60: 4428397 | BA60: MONOBORE | BB60: 0.3 | BC60: 159 | BD60: 3.1 | BE60: 2075596 | BF60: 0.23 | BG60: 156.22 | BH60: SANDSTONE | BI60: HPHT | BJ60: CASED HOLE CEMENTED MONOBORE | BK60: NO | BL60: NO | BM60: 3-1/2" | BN60: 1 | BO60: SINGLE | BP60: L80 13CR | BQ60: 46.6 | BR60: True | BS60: NONE | BT60: L80 13CR | BU60: 8.35 | BV60: SEAWATER/DRILLWATER | BW60: NO | BX60: NO | BY60: =IF(COUNTIF('Data Upload-prod'!E:E,F60)=0,"Missing","Exist") -> Missing
A61: 46073 | B61: 46073.388 | C61: PCSB | D61: PM | E61: GANSAR | F61: GANSAR-A2 | G61: APPRAISAL CUM DEV/DEVELOPMENT | H61: NAGA-4 | I61: JACK UP | J61: 77.5 | K61: 4442.77 | L61: 2903 | M61: N/A | N61: N/A | O61: N/A | P61: N/A | Q61: 21404748 | R61: 38.53 | S61: NO | T61: N/A | U61: DRY TREE | V61: 45431 | W61: 45431.469 | X61: 45600.906 | Y61: 4337.8 | Z61: SHALLOW WATER | AA61: 4462 | AB61: 2927.6 | AC61: N/A | AD61: N/A | AE61: N/A | AF61: N/A | AG61: 19474168 | AH61: 34.88 | AI61: 1.61 | AJ61: 1.61 | AK61: SW HPHT/HT | AM61: 3.7 | AO61: 1585 | AQ61: 3040 | AS61: 2.17 | AU61: 1129 | AW61: 1368 | AY61: 5.38 | AZ61: 4844550 | BA61: MONOBORE | BB61: 0.3 | BC61: 159 | BD61: 4.04 | BE61: 3213389 | BF61: 0.28 | BG61: 226 | BH61: SANDSTONE | BI61: HPHT | BJ61: CASED HOLE CEMENTED MONOBORE | BK61: NO | BL61: NO | BM61: 3-1/2" | BN61: 2 | BO61: SINGLE | BP61: L80 13CR | BQ61: 175.2 | BR61: True | BS61: NONE | BT61: L80 13CR | BU61: 8.35 | BV61: SEAWATER/DRILLWATER | BW61: NO | BX61: NO | BY61: =IF(COUNTIF('Data Upload-prod'!E:E,F61)=0,"Missing","Exist") -> Missing
A62: 46072 | B62: 46072.574 | C62: ENQUEST | D62: PM | E62: SELIGI | F62: SEE-35 | G62: APPRAISAL CUM DEV/DEVELOPMENT | H62: SK PELAUT | I62: TENDER ASSISTED DRILLING RIG (TADR) | J62: 73 | K62: 3100 | L62: 1384 | M62: N/A | N62: N/A | O62: N/A | P62: N/A | Q62: 11950000 | R62: 32.9 | S62: NO | T62: N/A | U62: DRY TREE | V62: 45385 | W62: 45384.917 | X62: 45418 | Y62: 2862 | Z62: SHALLOW WATER | AA62: 3026 | AB62: 1341 | AC62: N/A | AD62: N/A | AE62: N/A | AF62: N/A | AG62: 10461000 | AH62: 34.08 | AI62: 5.04 | AJ62: 4.68 | AK62: SW DEV C1 | AM62: 2.1 | AO62: 700 | AQ62: 1220 | AS62: 2.2 | AU62: 672 | AW62: 1114 | AY62: 14.16 | AZ62: 4261000 | BA62: CH | BB62: 1 | BC62: 390 | BD62: 8.75 | BE62: 2801222 | BF62: 0.9 | BG62: 283 | BH62: SANDSTONE | BI62: NORMAL | BJ62: CASED HOLE | BK62: NO | BL62: NO | BM62: 3-1/2" | BN62: 2 | BO62: DUAL | BP62: L80 13CR | BQ62: 49.215 | BR62: True | BS62: INNER STRING WITH SSD | BT62: L80 13CR | BU62: 9 | BV62: KCL | BW62: NO | BX62: NO | BY62: =IF(COUNTIF('Data Upload-prod'!E:E,F62)=0,"Missing","Exist") -> Missing
A63: 46072 | B63: 46072.591 | C63: ENQUEST | D63: PM | E63: SELIGI | F63: SEE-36 | G63: APPRAISAL CUM DEV/DEVELOPMENT | H63: SK PELAUT | I63: TENDER ASSISTED DRILLING RIG (TADR) | J63: 73 | K63: 2200 | L63: 1407 | M63: N/A | N63: N/A | O63: N/A | P63: N/A | Q63: 7900000 | R63: 20.71 | S63: NO | T63: N/A | U63: DRY TREE | V63: 45422 | W63: 45422.333 | X63: 45451 | Y63: 1953.2 | Z63: SHALLOW WATER | AA63: 2120 | AB63: 1365.9 | AC63: N/A | AD63: N/A | AE63: N/A | AF63: N/A | AG63: 5627700 | AH63: 17.56 | AI63: -1 | AJ63: 0.89 | AK63: SW DEV C1 | AM63: 2.1 | AO63: 700 | AQ63: 1220 | AS63: 1.2 | AU63: 370 | AW63: 879 | AY63: 8.82 | AZ63: 2753130 | BA63: CH | BB63: 1 | BC63: 390 | BD63: 5.59 | BE63: 2002200 | BF63: 0.8 | BG63: 288 | BH63: SANDSTONE | BI63: NORMAL | BJ63: CASED HOLE | BK63: NO | BL63: NO | BM63: 3-1/2" | BN63: 2 | BO63: SINGLE | BP63: L80 | BQ63: 29 | BR63: True | BS63: INNER STRING WITH SSD | BT63: L80 | BU63: 8.7 | BV63: NACL | BW63: NO | BX63: NO | BY63: =IF(COUNTIF('Data Upload-prod'!E:E,F63)=0,"Missing","Exist") -> Missing
A64: 46072 | B64: 46072.581 | C64: ENQUEST | D64: PM | E64: SELIGI | F64: SEE-34 | G64: APPRAISAL CUM DEV/DEVELOPMENT | H64: SK PELAUT | I64: TENDER ASSISTED DRILLING RIG (TADR) | J64: 73 | K64: 3400 | L64: 1408 | M64: N/A | N64: N/A | O64: N/A | P64: N/A | Q64: 10400000 | R64: 28.41 | S64: NO | T64: N/A | U64: DRY TREE | V64: 45419 | W64: 45419 | X64: 45456.083 | Y64: 3077 | Z64: SHALLOW WATER | AA64: 3250 | AB64: 1365 | AC64: N/A | AD64: N/A | AE64: N/A | AF64: N/A | AG64: 6862700 | AH64: 19.52 | AI64: -1 | AJ64: 0.85 | AK64: SW DEV C1 | AM64: 2.1 | AO64: 700 | AQ64: 1220 | AS64: 1.2 | AU64: 411 | AW64: 680 | AY64: 11.73 | AZ64: 3208731 | BA64: CH | BB64: 1 | BC64: 390 | BD64: 4.84 | BE64: 1751081 | BF64: 0.5 | BG64: 165 | BH64: SANDSTONE | BI64: NORMAL | BJ64: CASED HOLE | BM64: 3-1/2" | BN64: 1 | BO64: SINGLE | BP64: L80 | BQ64: 22 | BR64: True | BS64: NONE | BT64: L80 | BU64: 8.5 | BV64: SEAWATER/DRILLWATER | BW64: NO | BX64: NO | BY64: =IF(COUNTIF('Data Upload-prod'!E:E,F64)=0,"Missing","Exist") -> Missing
A65: 46066 | B65: 46066.682 | C65: PCSB | D65: PM | E65: GUNTONG | F65: BINDU-A1 | G65: APPRAISAL CUM DEV/DEVELOPMENT | H65: BORR GUNNLOD | I65: JACK UP | J65: 61 | K65: 4898 | L65: 1650 | M65: N/A | N65: N/A | O65: N/A | P65: N/A | Q65: 18350000 | R65: 31.67 | S65: NO | T65: N/A | U65: DRY TREE | V65: 45624 | W65: 45624.504 | X65: 45733.504 | Y65: 4691 | Z65: SHALLOW WATER | AA65: 4795 | AB65: 1645.33 | AC65: N/A | AD65: N/A | AE65: N/A | AF65: N/A | AG65: 18349998 | AH65: 31.76 | AI65: 8.57 | AJ65: 8.57 | AK65: DW DEV C3 (DRY TREE) | AM65: 5.1 | AO65: 1525 | AS65: 3.1 | AU65: 1251 | AW65: 1585 | AY65: 7.01 | AZ65: 4692308 | BD65: 7 | BE65: 4692308 | BF65: 0.5 | BG65: 316 | BH65: SANDSTONE | BI65: NORMAL | BJ65: OPEN HOLE STAND ALONE SCREEN | BK65: 1 ZONE | BL65: NO | BM65: 3-1/2" | BN65: 1 | BO65: SINGLE | BP65: L80 | BQ65: 1011 | BR65: True | BT65: L80 | BU65: 9.3 | BV65: NACL | BW65: NO | BX65: 1 | BY65: =IF(COUNTIF('Data Upload-prod'!E:E,F65)=0,"Missing","Exist") -> Missing
A66: 46066 | B66: 46066.694 | C66: PCSB | D66: PM | E66: GUNTONG | F66: BINDU-A2 ADDENDUM | G66: APPRAISAL CUM DEV/DEVELOPMENT | H66: BORR GUNNLOD | I66: JACK UP | J66: 61 | K66: 3657 | L66: 1636 | M66: N/A | N66: N/A | O66: N/A | P66: N/A | Q66: 22600000 | R66: 49.5 | S66: NO | T66: N/A | U66: DRY TREE | V66: 45619 | W66: 45619.683 | X66: 45693.683 | Y66: 3460 | Z66: SHALLOW WATER | AA66: 3564 | AB66: 1667 | AC66: N/A | AD66: N/A | AE66: N/A | AF66: N/A | AG66: 28900000 | AH66: 71.9 | AI66: 31 | AJ66: 31 | AK66: DW DEV C3 (DRY TREE) | AM66: 5.1 | AO66: 1525 | AS66: 3.5 | AU66: 1597 | AW66: 2502 | AY66: 4.96 | AZ66: 4400000 | BD66: 6.7 | BE66: 4359347 | BF66: 0.6 | BG66: 336 | BH66: SANDSTONE | BI66: NORMAL | BJ66: OPEN HOLE STAND ALONE SCREEN | BK66: 1 ZONE | BL66: NO | BM66: 5-1/2" | BN66: 1 | BO66: SINGLE | BP66: L80 13CR | BQ66: 57 | BS66: NONE | BT66: L80 13CR | BW66: NO | BX66: NO | BY66: =IF(COUNTIF('Data Upload-prod'!E:E,F66)=0,"Missing","Exist") -> Missing
A67: 46043 | B67: 46043.614 | C67: PCSB | D67: PM | E67: N/A | F67: BEKANTAN-1 | G67: EXPLORATION/APPRAISAL | H67: PVD 6 | I67: JACK UP | J67: 63 | K67: 1770 | L67: 1466 | M67: 33267383 | N67: 38613257 | O67: 57.11 | P67: 65.69 | Q67: N/A | R67: N/A | S67: NO | T67: N/A | U67: DRY TREE | V67: 45571 | W67: 45567.875 | X67: 45629.708 | Y67: 1546.36 | Z67: SHALLOW WATER | AA67: 1641 | AB67: 1407.93 | AC67: N/A | AD67: 34124353 | AE67: N/A | AF67: 61.83 | AG67: 34124353 | AH67: 61.83 | AI67: 15.67 | AJ67: 11.89 | AK67: SW EXP C2 | AM67: 2.7 | AO67: 1490 | AQ67: 2760 | AS67: 2.37 | AU67: 2109.02 | AW67: 4903.89 | BY67: =IF(COUNTIF('Data Upload-prod'!E:E,F67)=0,"Missing","Exist") -> Missing
A68: 46031 | B68: 46108.6 | C68: PCSB | D68: PM | E68: TABU | F68: TABU-B30ST1 | G68: APPRAISAL CUM DEV/DEVELOPMENT | H68: SAPURA BERANI | I68: TENDER ASSISTED DRILLING RIG (TADR) | J68: 63 | K68: 2667.62 | L68: 1910.3 | M68: N/A | N68: N/A | O68: N/A | P68: N/A | Q68: 12883878 | R68: 32.9 | S68: NO | T68: N/A | U68: DRY TREE | V68: 46044 | W68: 45988.5 | X68: 46060.583 | Y68: 1875.42 | Z68: SHALLOW WATER | AA68: 2590 | AB68: 1910.85 | AC68: N/A | AD68: N/A | AE68: N/A | AF68: N/A | AG68: 10663198 | AH68: 24.25 | AI68: 10.22 | AJ68: 9.49 | AK68: SW DEV ST 1HS | AM68: 1.8 | AO68: 600 | AQ68: 1670 | AS68: 1.3 | AU68: 627.98 | AW68: 1733 | AY68: 11 | AZ68: 3137958 | BA68: CH | BB68: 1 | BC68: 390 | BD68: 6.19 | BE68: 4227503 | BF68: 0.96 | BG68: 595.56 | BH68: SANDSTONE | BI68: NORMAL | BJ68: CASED HOLE | BK68: NO | BL68: NO | BM68: 3-1/2" | BN68: 2 | BO68: SINGLE | BP68: L80 | BR68: False | BS68: NONE | BT68: L80 | BU68: 8.6 | BV68: NACL | BW68: NO | BX68: NO | BY68: =IF(COUNTIF('Data Upload-prod'!E:E,F68)=0,"Missing","Exist") -> Missing
A69: 46010 | B69: 46010.617 | C69: PCSB | D69: PM | E69: N/A | F69: ROSEBAY-1 | G69: EXPLORATION/APPRAISAL | H69: PVD 6 | I69: JACK UP | J69: 62 | K69: 1965 | L69: 1873.35 | M69: 20923574 | N69: 21506599 | O69: 46.4 | P69: 48.5 | Q69: N/A | R69: N/A | S69: NO | T69: N/A | U69: DRY TREE | V69: 45629 | W69: 45994.5 | X69: 46019.229 | Y69: 1871.2 | Z69: SHALLOW WATER | AA69: 1965 | AB69: 1889.09 | AC69: 13876207 | AD69: N/A | AE69: 24.52 | AF69: N/A | AG69: 13876207 | AH69: 24.52 | AI69: 9.95 | AJ69: 0 | AK69: SW EXP C1 | AM69: 1.9 | AO69: 720 | AQ69: 1370 | AS69: 0.9 | AU69: 438 | AW69: 1503 | BY69: =IF(COUNTIF('Data Upload-prod'!E:E,F69)=0,"Missing","Exist") -> Missing
A70: 46004 | B70: 46077.511 | C70: PCSB | D70: PM | E70: TABU | F70: TABU-B13ST1 | G70: APPRAISAL CUM DEV/DEVELOPMENT | H70: SAPURA BERANI | I70: TENDER ASSISTED DRILLING RIG (TADR) | J70: 63.3 | K70: 2795.3 | L70: 1662 | M70: N/A | N70: N/A | O70: N/A | P70: N/A | Q70: 10299985 | R70: 13 | S70: NO | T70: N/A | U70: DRY TREE | V70: 46018 | W70: 45976.875 | X70: 46040.625 | Y70: 637 | Z70: SHALLOW WATER | AA70: 2082 | AB70: 1696.34 | AC70: N/A | AD70: N/A | AE70: N/A | AF70: N/A | AG70: 10920186 | AH70: 28.58 | AI70: 34 | AJ70: 25.77 | AK70: SW DEV ST 1HS | AM70: 1.8 | AO70: 600 | AQ70: 1670 | AS70: 2.3 | AU70: 1404.3 | AW70: 4457 | AY70: 11.04 | AZ70: 5486258 | BA70: CH | BB70: 1 | BC70: 390 | BD70: 4.52 | BE70: 2663648 | BF70: 0.95 | BG70: 538 | BH70: SANDSTONE | BI70: NORMAL | BJ70: CASED HOLE | BK70: NO | BL70: NO | BM70: 3-1/2" | BN70: 1 | BO70: SINGLE | BP70: L80 | BR70: False | BS70: NONE | BT70: L80 | BU70: 8.6 | BV70: NACL | BW70: NO | BX70: NO | BY70: =IF(COUNTIF('Data Upload-prod'!E:E,F70)=0,"Missing","Exist") -> Missing
A71: 46003 | B71: 46003.458 | C71: POSCO | D71: PM | E71: PM524 | F71: MAWAR MERAH-1 | G71: EXPLORATION/APPRAISAL | H71: PVD 6 | I71: JACK UP | J71: 60.29 | K71: 1340 | L71: 1340 | M71: 12175007 | N71: 13013435 | O71: 21.4 | P71: 24.7 | Q71: N/A | R71: N/A | S71: NO | T71: N/A | U71: DRY TREE | V71: 45778 | W71: 45771.344 | X71: 45789.854 | Y71: 1294.91 | Z71: SHALLOW WATER | AA71: 1390 | AB71: 1386.79 | AC71: 11000000 | AD71: N/A | AE71: 22.4 | AF71: N/A | AG71: 11000000 | AH71: 22.4 | AI71: 0 | AJ71: 5.4 | AK71: DW EXP C1 | AM71: 2.3 | AO71: 3280 | AQ71: 5760 | AS71: 1.58 | AU71: 654.63 | AW71: 2682.68 | BY71: =IF(COUNTIF('Data Upload-prod'!E:E,F71)=0,"Missing","Exist") -> Missing
A72: 45994 | B72: 45994.426 | C72: PCSB | D72: PM | E72: IRONG BARAT | F72: IRONG BARAT-C04ST1 | G72: APPRAISAL CUM DEV/DEVELOPMENT | H72: BORR GUNNLOD | I72: JACK UP | J72: 65.7 | K72: 2840 | L72: 929.05 | M72: N/A | N72: N/A | O72: N/A | P72: N/A | Q72: 12399997 | R72: 28 | S72: NO | T72: N/A | U72: DRY TREE | V72: 45919 | W72: 45759 | X72: 45934.208 | Y72: 1345.7 | Z72: SHALLOW WATER | AA72: 2546.7 | AB72: 878.32 | AC72: N/A | AD72: N/A | AE72: N/A | AF72: N/A | AG72: 9727865.4 | AH72: 22.22 | AI72: 2.88 | AJ72: 2.88 | AK72: SW DEV ST 1HS | AM72: 1.8 | AO72: 600 | AQ72: 1160 | AS72: 2.85 | AU72: 1215.62 | AW72: 2221.6 | AY72: 8.72 | AZ72: 4607537 | BA72: OHSAS/OHPDL | BB72: 0.7 | BC72: 373 | BD72: 3.32 | BE72: 1777077.3 | BF72: 0.4 | BG72: 318.8 | BH72: SANDSTONE | BI72: NORMAL | BJ72: OPEN HOLE STAND ALONE SCREEN | BM72: 3-1/2" | BN72: 2 | BO72: SINGLE | BP72: L80 | BQ72: 410 | BT72: L80 13CR | BU72: 9.7 | BV72: CACL2 | BY72: =IF(COUNTIF('Data Upload-prod'!E:E,F72)=0,"Missing","Exist") -> Missing
A73: 45993 | B73: 45993.613 | C73: SHELL | D73: SK | E73: F22 | F73: F22-101 | G73: APPRAISAL CUM DEV/DEVELOPMENT | H73: NOBLE TOM PROSSER | I73: JACK UP | J73: 92.3544 | K73: 3121.76 | L73: 2057.4 | M73: N/A | N73: N/A | O73: N/A | P73: N/A | Q73: 44370000 | R73: 52.58 | S73: NO | T73: N/A | U73: DRY TREE | V73: 45616 | W73: 45610 | X73: 45680.271 | Y73: 2945.2 | Z73: SHALLOW WATER | AA73: 3082.1 | AB73: 2078.9 | AC73: N/A | AD73: N/A | AE73: N/A | AF73: N/A | AG73: 50320000 | AH73: 70.27 | AI73: 24.3 | AJ73: 1.9 | AK73: SW DEV C4 | AM73: 2.5 | AO73: 1010 | AQ73: 1705 | AS73: 2.69 | AU73: 2043 | AW73: 4849 | AY73: 10.25 | AZ73: 13770000 | BA73: OHSAS/OHPDL | BB73: 0.7 | BC73: 373 | BD73: 13.52 | BE73: 15560000 | BF73: 1.33 | BG73: 1538 | BH73: CARBONATE | BI73: NORMAL | BJ73: OPEN HOLE PREDRILLED LINER | BK73: NO | BL73: NO | BM73: 7" | BN73: 1 | BO73: SINGLE | BP73: SUPER 13CR | BR73: True | BS73: NONE | BT73: SUPER 13CR | BU73: 10.7 | BV73: NACL/NABR | BW73: NO | BX73: NO | BY73: =IF(COUNTIF('Data Upload-prod'!E:E,F73)=0,"Missing","Exist") -> Missing
A74: 45993 | B74: 45993.466 | C74: SHELL | D74: SK | E74: F27 | F74: F27-101 | G74: APPRAISAL CUM DEV/DEVELOPMENT | H74: NOBLE TOM PROSSER | I74: JACK UP | J74: 97.536 | K74: 2606.04 | L74: 1351.79 | M74: N/A | N74: N/A | O74: N/A | P74: N/A | Q74: 41950000 | R74: 49.23 | S74: NO | T74: N/A | U74: DRY TREE | V74: 45548 | W74: 45528 | X74: 45610 | Y74: 2528.47 | Z74: SHALLOW WATER | AA74: 2667 | AB74: 1354.63 | AC74: N/A | AD74: N/A | AE74: N/A | AF74: N/A | AG74: 41960000 | AH74: 50.7 | AI74: 20.22 | AJ74: 4.87 | AK74: SW DEV C4 | AM74: 2.5 | AO74: 1010 | AQ74: 1705 | AS74: 3.78 | AU74: 2189 | AW74: 3768 | AY74: 9.51 | AZ74: 13730000 | BA74: OHSAS/OHPDL | BB74: 0.7 | BC74: 373 | BD74: 13.73 | BE74: 10320000 | BF74: 1.59 | BG74: 1406 | BH74: CARBONATE | BI74: NORMAL | BJ74: OPEN HOLE PREDRILLED LINER | BK74: NO | BL74: NO | BM74: 7" | BN74: 1 | BO74: SINGLE | BP74: SUPER 13CR | BR74: True | BS74: NONE | BT74: SUPER 13CR | BU74: 11.2 | BV74: NACL/NABR | BW74: NO | BX74: NO | BY74: =IF(COUNTIF('Data Upload-prod'!E:E,F74)=0,"Missing","Exist") -> Missing
A75: 45993 | B75: 45993.62 | C75: SHELL | D75: SK | E75: SELASIH | F75: SELASIH-101 | G75: APPRAISAL CUM DEV/DEVELOPMENT | H75: NOBLE TOM PROSSER | I75: JACK UP | J75: 89.3064 | K75: 2693.21 | L75: 1367.94 | M75: N/A | N75: N/A | O75: N/A | P75: N/A | Q75: 41870000 | R75: 49.94 | S75: NO | T75: N/A | U75: DRY TREE | V75: 45688 | W75: 45680.271 | X75: 45746.531 | Y75: 2554.4 | Z75: SHALLOW WATER | AA75: 2688.3 | AB75: 1366.5 | AC75: N/A | AD75: N/A | AE75: N/A | AF75: N/A | AG75: 50750000 | AH75: 66.26 | AI75: 17.01 | AJ75: 11.05 | AK75: SW DEV C4 | AM75: 2.5 | AO75: 1010 | AQ75: 1705 | AS75: 3.47 | AU75: 2450 | AW75: 6055 | AY75: 9.62 | AZ75: 13460000 | BA75: OHSAS/OHPDL | BB75: 0.7 | BC75: 373 | BD75: 13.59 | BE75: 18150000 | BF75: 1.5 | BG75: 206 | BH75: CARBONATE | BI75: NORMAL | BJ75: OPEN HOLE PREDRILLED LINER | BK75: NO | BL75: NO | BM75: 7" | BN75: 1 | BO75: SINGLE | BP75: SUPER 13CR | BR75: True | BS75: NONE | BT75: SUPER 13CR | BU75: 10.7 | BV75: NACL/NABR | BW75: NO | BX75: NO | BY75: =IF(COUNTIF('Data Upload-prod'!E:E,F75)=0,"Missing","Exist") -> Missing
A76: 45992 | B76: 46114.456 | C76: PCSB | D76: PM | E76: DUYONG BARAT | F76: MERANSI-1 | G76: EXPLORATION/APPRAISAL | H76: NAGA-4 | I76: JACK UP | J76: 72.2 | K76: 2764 | L76: 2623 | M76: N/A | N76: 17934435 | O76: N/A | P76: 32.84 | Q76: N/A | R76: N/A | S76: NO | T76: N/A | U76: DRY TREE | V76: 46048 | W76: 46039.396 | X76: 46078.104 | Y76: 2763 | Z76: SHALLOW WATER | AA76: 2763 | AB76: 2620 | AC76: N/A | AD76: 17788859 | AE76: N/A | AF76: 38.71 | AG76: 17788859 | AH76: 38.71 | AI76: 15.98 | AJ76: 5.49 | AK76: SW EXP C1 | AM76: 1.9 | AO76: 720 | AQ76: 1370 | AS76: 1.06 | AU76: 677 | AW76: 1353 | BY76: =IF(COUNTIF('Data Upload-prod'!E:E,F76)=0,"Missing","Exist") -> Missing
A77: 45987 | B77: 45988.298 | C77: PCSB | D77: SK | E77: N/A | F77: SILUNGEN-1 | G77: EXPLORATION/APPRAISAL | H77: HAKURYU-5 | I77: SEMI-SUB | J77: 120 | K77: 1803 | L77: 1803 | M77: 25210478 | N77: 25210478 | O77: 50.93 | P77: 50.93 | Q77: N/A | R77: N/A | S77: NO | T77: N/A | U77: WET TREE | V77: 45528 | W77: 45524.292 | X77: 45568.479 | Y77: 1659 | Z77: SHALLOW WATER | AA77: 1779 | AB77: 1778.97 | AC77: N/A | AD77: 19532150 | AE77: N/A | AF77: 38.73 | AG77: 19532150 | AH77: 38.73 | AI77: 1.29 | AJ77: 1.1 | AK77: SW EXP C2 | AM77: 2.7 | AO77: 1490 | AQ77: 2760 | AS77: 3.1 | AU77: 1768 | AW77: 2809 | BY77: =IF(COUNTIF('Data Upload-prod'!E:E,F77)=0,"Missing","Exist") -> Missing
A78: 45974 | B78: 45974.453 | C78: SHELL | D78: SK | E78: MLNGX | F78: LEMANG-1 | G78: EXPLORATION/APPRAISAL | H78: NOBLE TOM PROSSER | I78: JACK UP | J78: 69.49 | K78: 1588.92 | L78: 1588.89 | M78: 20280000 | N78: 24530000 | O78: 30.13 | P78: 41.07 | Q78: N/A | R78: N/A | S78: NO | T78: N/A | U78: DRY TREE | V78: 45457 | W78: 45450.938 | X78: 45484.229 | Y78: 1482.55 | Z78: SHALLOW WATER | AA78: 1588.92 | AB78: 1588.89 | AC78: 21560000 | AD78: N/A | AE78: 33.29 | AF78: N/A | AG78: 21560000 | AH78: 33.29 | AI78: 7.73 | AJ78: 6.2 | AK78: SW EXP C4 | AM78: 4.4 | AO78: 1980 | AQ78: 2760 | AS78: 3.23 | AU78: 2385 | AW78: 4432 | BY78: =IF(COUNTIF('Data Upload-prod'!E:E,F78)=0,"Missing","Exist") -> Missing
A79: 45974 | B79: 45974.448 | C79: SHELL | D79: SK | E79: MLNGX | F79: LATOK-1 | G79: EXPLORATION/APPRAISAL | H79: NOBLE TOM PROSSER | I79: JACK UP | J79: 78.94 | K79: 1616.66 | L79: 1616.58 | M79: 20700000 | N79: 24900000 | O79: 31.38 | P79: 41.93 | Q79: N/A | R79: N/A | S79: NO | T79: N/A | U79: DRY TREE | V79: 45416 | W79: 45410.583 | X79: 45450.938 | Y79: 1501.14 | Z79: SHALLOW WATER | AA79: 1616.66 | AB79: 1616.58 | AC79: 25250000 | AD79: N/A | AE79: 40.35 | AF79: N/A | AG79: 25250000 | AH79: 40.35 | AI79: 11.7 | AJ79: 11.2 | AK79: SW EXP C4 | AM79: 4.4 | AO79: 1980 | AQ79: 2760 | AS79: 4.94 | AU79: 3467 | AW79: 5126 | BY79: =IF(COUNTIF('Data Upload-prod'!E:E,F79)=0,"Missing","Exist") -> Missing
A80: 45974 | B80: 45974.458 | C80: SHELL | D80: SK | E80: MLNGX | F80: HABANERO-1 | G80: EXPLORATION/APPRAISAL | H80: NOBLE TOM PROSSER | I80: JACK UP | J80: 80.47 | K80: 2468.88 | L80: 2274.2 | M80: 23900000 | N80: 28100000 | O80: 35.42 | P80: 46.16 | Q80: N/A | R80: N/A | S80: NO | T80: N/A | U80: DRY TREE | V80: 45489 | W80: 45484.229 | X80: 45528 | Y80: 2351.53 | Z80: SHALLOW WATER | AA80: 2468.88 | AB80: 2274.2 | AC80: 27690000 | AD80: N/A | AE80: 43.77 | AF80: N/A | AG80: 27690000 | AH80: 43.77 | AI80: 9.76 | AJ80: 9.21 | AK80: SW EXP C4 | AM80: 4.4 | AO80: 1980 | AQ80: 2760 | AS80: 3.14 | AU80: 2196 | AW80: 3589 | BY80: =IF(COUNTIF('Data Upload-prod'!E:E,F80)=0,"Missing","Exist") -> Missing
A81: 45972 | B81: 45972.682 | C81: PCSB | D81: SK | E81: D18 | F81: D18-C310B | G81: APPRAISAL CUM DEV/DEVELOPMENT | H81: NAGA-2 | I81: JACK UP | J81: 36.5 | K81: 2909 | L81: 1636.87 | M81: N/A | N81: N/A | O81: N/A | P81: N/A | Q81: 13486616 | R81: 24.52 | S81: NO | T81: N/A | U81: DRY TREE | V81: 45639 | W81: 45639.875 | X81: 45701.75 | Y81: 2882 | Z81: SHALLOW WATER | AA81: 2882 | AB81: 1638.13 | AC81: N/A | AD81: N/A | AE81: N/A | AF81: N/A | AG81: 12880451 | AH81: 29.25 | AI81: 0.71 | AJ81: 0.57 | AK81: SW DEV C1 | AM81: 2.2 | AO81: 830 | AS81: 1.11 | AU81: 622 | AW81: 1307 | BY81: =IF(COUNTIF('Data Upload-prod'!E:E,F81)=0,"Missing","Exist") -> Missing
A82: 45972 | B82: 45972.635 | C82: PCSB | D82: SK | E82: D18 | F82: D18-D406B | G82: APPRAISAL CUM DEV/DEVELOPMENT | H82: NAGA-2 | I82: JACK UP | J82: 35 | K82: 2221 | L82: 1839 | M82: N/A | N82: N/A | O82: N/A | P82: N/A | Q82: 15671795 | R82: 26.33 | S82: NO | T82: N/A | U82: DRY TREE | V82: 45549 | W82: 45546.75 | X82: 45584.5 | Y82: 1953 | Z82: SHALLOW WATER | AA82: 1953 | AB82: 1662.88 | AC82: N/A | AD82: N/A | AE82: N/A | AF82: N/A | AG82: 12383323 | AH82: 27.12 | AI82: 16.09 | AJ82: 12 | AK82: SW DEV C1 | AM82: 2.2 | AO82: 830 | AS82: 2.31 | AU82: 812 | AW82: 1865 | BY82: =IF(COUNTIF('Data Upload-prod'!E:E,F82)=0,"Missing","Exist") -> Missing
A83: 45972 | B83: 45973.467 | C83: PCSB | D83: SK | E83: D18 | F83: D18-C312A | G83: APPRAISAL CUM DEV/DEVELOPMENT | H83: NAGA-2 | I83: JACK UP | J83: 36.5 | K83: 2666 | L83: 1628.92 | M83: N/A | N83: N/A | O83: N/A | P83: N/A | Q83: 15903913 | R83: 27.01 | S83: NO | T83: N/A | U83: DRY TREE | V83: 45643 | W83: 45643.375 | X83: 45780.75 | Y83: 2626 | Z83: SHALLOW WATER | AA83: 2626 | AB83: 1592.69 | AC83: N/A | AD83: N/A | AE83: N/A | AF83: N/A | AG83: 13072855 | AH83: 34.12 | AI83: 7.23 | AJ83: 5.4 | AK83: SW DEV C1 | AM83: 2.2 | AO83: 830 | AS83: 1.72 | AU83: 766 | AW83: 1441 | BY83: =IF(COUNTIF('Data Upload-prod'!E:E,F83)=0,"Missing","Exist") -> Missing
A84: 45972 | B84: 45973.475 | C84: PCSB | D84: SK | E84: D18 | F84: D18-C312B | G84: APPRAISAL CUM DEV/DEVELOPMENT | H84: NAGA-2 | I84: JACK UP | J84: 36.5 | K84: 3610 | L84: 1548 | M84: N/A | N84: N/A | O84: N/A | P84: N/A | Q84: 16623103 | R84: 27.34 | S84: NO | T84: N/A | U84: DRY TREE | V84: 45647 | W84: 45647 | X84: 45760.25 | Y84: 3854 | Z84: SHALLOW WATER | AA84: 3854 | AB84: 1620.9 | AC84: N/A | AD84: N/A | AE84: N/A | AF84: N/A | AG84: 17781645 | AH84: 44.61 | AI84: 3.06 | AJ84: 3.25 | AK84: SW DEV C1 | AM84: 2.2 | AO84: 830 | AS84: 1.48 | AU84: 707 | AW84: 1489 | BY84: =IF(COUNTIF('Data Upload-prod'!E:E,F84)=0,"Missing","Exist") -> Missing
A85: 45972 | B85: 45972.819 | C85: PCSB | D85: SK | E85: SINSING | F85: SINSING-2 | G85: EXPLORATION/APPRAISAL | H85: HAKURYU-5 | I85: SEMI-SUB | J85: 116 | K85: 3275 | L85: 2065 | M85: 45130000 | N85: 54460000 | O85: 89.39 | P85: 115.77 | Q85: N/A | R85: N/A | S85: NO | T85: N/A | U85: DRY TREE | V85: 45439 | W85: 45432 | X85: 45524.375 | Y85: 2263 | Z85: SHALLOW WATER | AA85: 2379 | AB85: 1517.55 | AC85: 45245959 | AD85: N/A | AE85: 92 | AF85: N/A | AG85: 45245959 | AH85: 92 | AI85: 4.1 | AJ85: 4.1 | AK85: SW EXP C3 | AM85: 3.8 | AO85: 2125 | AQ85: 3315 | AS85: 2.99 | AU85: 1325 | AW85: 3635 | BY85: =IF(COUNTIF('Data Upload-prod'!E:E,F85)=0,"Missing","Exist") -> Missing
A86: 45972 | B86: 45972.67 | C86: PCSB | D86: SK | E86: D18 | F86: D18-C310A | G86: APPRAISAL CUM DEV/DEVELOPMENT | H86: NAGA-2 | I86: JACK UP | J86: 36.5 | K86: 2835 | L86: 2093 | M86: N/A | N86: N/A | O86: N/A | P86: N/A | Q86: 14678308 | R86: 25.08 | S86: NO | T86: N/A | U86: DRY TREE | V86: 45636 | W86: 45636 | X86: 45727.125 | Y86: 2929 | Z86: SHALLOW WATER | AA86: 2929 | AB86: 2157.55 | AC86: N/A | AD86: N/A | AE86: N/A | AF86: N/A | AG86: 13766596 | AH86: 36.75 | AI86: 16.58 | AJ86: 16.13 | AK86: SW DEV C1 | AM86: 2.2 | AO86: 830 | AS86: 1.21 | AU86: 663 | AW86: 1413 | BY86: =IF(COUNTIF('Data Upload-prod'!E:E,F86)=0,"Missing","Exist") -> Missing
A87: 45971 | B87: 45971.701 | C87: PCSB | D87: SK | E87: D18 | F87: D18-D406A | G87: APPRAISAL CUM DEV/DEVELOPMENT | H87: NAGA-2 | I87: JACK UP | J87: 35 | K87: 2341 | L87: 1740 | M87: N/A | N87: N/A | O87: N/A | P87: N/A | Q87: 12465003 | R87: 23.23 | S87: NO | T87: N/A | U87: DRY TREE | V87: 45555 | W87: 45555.25 | X87: 45604.999 | Y87: 2700 | Z87: SHALLOW WATER | AA87: 2700 | AB87: 1925.46 | AC87: N/A | AD87: N/A | AE87: N/A | AF87: N/A | AG87: 12030367 | AH87: 28.12 | AI87: 11.59 | AJ87: 11.59 | AK87: SW DEV C1 | AM87: 2.2 | AO87: 830 | AQ87: 1395 | AS87: 1.51 | AU87: 510 | AW87: 1313 | AY87: 7.94 | BA87: CH | BB87: 1 | BC87: 390 | BD87: 123 | BE87: 952908.59 | BF87: 123 | BG87: 123 | BI87: NORMAL | BJ87: CASED HOLE | BK87: 5 ZONE | BL87: 2 | BM87: 2-7/8" | BN87: 3 | BO87: DUAL | BP87: L80 | BQ87: 121 | BR87: True | BS87: AICV | BT87: 15CR | BV87: NABR | BW87: 4 | BX87: 5 | BY87: =IF(COUNTIF('Data Upload-prod'!E:E,F87)=0,"Missing","Exist") -> Missing
A88: 45967 | B88: 45967.419 | C88: SHELL | D88: SK | E88: MENGKUDU | F88: MENGKUDU-1 | G88: EXPLORATION/APPRAISAL | H88: NOBLE TOM PROSSER | I88: JACK UP | J88: 93.27 | K88: 2983.5 | L88: 2827.3 | M88: 23350000 | N88: 30110000 | O88: 31.75 | P88: 45.29 | Q88: N/A | R88: N/A | S88: NO | T88: N/A | U88: DRY TREE | V88: 45783 | W88: 45778 | X88: 45825.229 | Y88: 2073.55 | Z88: SHALLOW WATER | AA88: 2203.7 | AB88: 2096.1 | AC88: N/A | AD88: 26660000 | AE88: N/A | AF88: 47.23 | AG88: 26660000 | AH88: 47.23 | AI88: 5.47 | AJ88: 5.34 | AK88: SW EXP C4 | AM88: 4.4 | AO88: 1980 | AQ88: 2760 | AS88: 4.66 | AU88: 2697 | AW88: 3919 | BY88: =IF(COUNTIF('Data Upload-prod'!E:E,F88)=0,"Missing","Exist") -> Missing
A89: 45967 | B89: 45967.637 | C89: PCSB | D89: PM | E89: IRONG BARAT | F89: IRONG BARAT-C14ST1 | G89: APPRAISAL CUM DEV/DEVELOPMENT | H89: BORR GUNNLOD | I89: JACK UP | J89: 65.7 | K89: 1540 | L89: 858 | M89: N/A | N89: N/A | O89: N/A | P89: N/A | Q89: 11522157 | R89: 23.42 | S89: SIDETRACK | T89: N/A | U89: DRY TREE | V89: 45907 | W89: 45755.854 | X89: 45914.667 | Y89: 990 | Z89: SHALLOW WATER | AA89: 1540 | AB89: 858.66 | AC89: N/A | AD89: N/A | AE89: N/A | AF89: N/A | AG89: 6241112.6 | AH89: 13.31 | AI89: 0 | AJ89: 0 | AK89: SW DEV ST 1HS | AM89: 1.8 | AO89: 600 | AQ89: 1160 | AS89: 2.09 | AU89: 896.44 | AW89: 1737.69 | AY89: 9.01 | AZ89: 5650791 | BA89: OHSAS/OHPDL | BB89: 0.7 | BC89: 373 | BD89: 2.15 | BE89: 1951974 | BF89: 0.42 | BG89: 395.98 | BH89: SANDSTONE | BI89: NORMAL | BJ89: OPEN HOLE STAND ALONE SCREEN | BK89: NO | BL89: NO | BM89: 3-1/2" | BN89: 1 | BO89: SINGLE | BP89: L80 | BQ89: 327 | BS89: ICD | BT89: L80 13CR | BU89: 8.7 | BV89: CACL2 | BW89: NO | BY89: =IF(COUNTIF('Data Upload-prod'!E:E,F89)=0,"Missing","Exist") -> Missing
A90: 45963 | B90: 45966.835 | C90: HML | D90: SB | E90: SOUTH FURIOUS | F90: SFJT-D02 | G90: APPRAISAL CUM DEV/DEVELOPMENT | H90: PVD-3 | I90: JACK UP | J90: 17.7 | K90: 1027.31 | L90: 860.3 | M90: N/A | N90: N/A | O90: N/A | P90: N/A | Q90: 6806517.3 | R90: 7 | S90: NO | T90: N/A | U90: DRY TREE | V90: 45616 | W90: 45615.562 | X90: 45626.5 | Y90: 3144 | Z90: SHALLOW WATER | AA90: 1006 | AB90: 2320 | AC90: N/A | AD90: N/A | AE90: N/A | AF90: N/A | AG90: 4897287 | AH90: 10.9 | AI90: 0 | AJ90: 0 | AK90: SW DEV C2 | AM90: 2.5 | AO90: 1440 | AQ90: 1995 | AS90: 1.9 | AU90: 793.1 | AW90: 1484 | AY90: 3.55 | AZ90: 2384074.1 | BA90: OHSAS/OHPDL | BB90: 0.7 | BC90: 373 | BD90: 4.2 | BE90: 2279939 | BF90: 1.3 | BG90: 690.9 | BH90: SANDSTONE | BI90: NORMAL | BJ90: OPEN HOLE STAND ALONE SCREEN | BK90: NO | BL90: NO | BM90: 3-1/2" | BN90: 2 | BO90: SINGLE | BP90: L80 | BQ90: 265 | BR90: True | BS90: INNER STRING WITH SSD | BT90: L80 | BU90: 8.6 | BV90: KCL | BW90: NO | BX90: NO | BY90: =IF(COUNTIF('Data Upload-prod'!E:E,F90)=0,"Missing","Exist") -> Missing
A91: 45963 | B91: 45966.842 | C91: HML | D91: SB | E91: SOUTH FURIOUS | F91: SFJT-D03 | G91: APPRAISAL CUM DEV/DEVELOPMENT | H91: PVD-3 | I91: JACK UP | J91: 17.7 | K91: 1823.68 | L91: 721.27 | M91: N/A | N91: N/A | O91: N/A | P91: N/A | Q91: 7983611.8 | R91: 14.54 | S91: NO | T91: N/A | U91: DRY TREE | V91: 45602 | W91: 45601.25 | X91: 46014 | Y91: 1689.9 | Z91: SHALLOW WATER | AA91: 1749.5 | AB91: 701.3 | AC91: N/A | AD91: N/A | AE91: N/A | AF91: N/A | AG91: 10493732 | AH91: 30.31 | AI91: 16.6 | AJ91: 16.6 | AK91: SW DEV C2 | AM91: 2.5 | AO91: 1440 | AQ91: 1995 | AS91: 4.4 | AU91: 1341 | AW91: 1828.2 | AY91: 4.56 | AZ91: 2631371.5 | BA91: OHSAS/OHPDL | BB91: 0.7 | BC91: 373 | BD91: 5 | BE91: 2796573 | BF91: 0.87 | BG91: 487 | BH91: SANDSTONE | BI91: NORMAL | BJ91: OPEN HOLE STAND ALONE SCREEN | BK91: NO | BL91: NO | BM91: 3-1/2" | BN91: 2 | BO91: SINGLE | BP91: L80 | BQ91: 1084 | BR91: True | BS91: NONE | BT91: L80 | BU91: 8.7 | BV91: KCL | BW91: NO | BX91: NO | BY91: =IF(COUNTIF('Data Upload-prod'!E:E,F91)=0,"Missing","Exist") -> Missing
A92: 45963 | B92: 45966.935 | C92: HML | D92: SB | E92: SOUTH FURIOUS | F92: SFJT-D08 | G92: APPRAISAL CUM DEV/DEVELOPMENT | H92: PVD-3 | I92: JACK UP | J92: 17.7 | K92: 1316.12 | L92: 8840 | M92: N/A | N92: N/A | O92: N/A | P92: N/A | Q92: 6805901.3 | R92: 11.94 | S92: NO | T92: N/A | U92: DRY TREE | V92: 45719 | W92: 45718.292 | X92: 45731.125 | Y92: 1234.4 | Z92: SHALLOW WATER | AA92: 1294 | AB92: 834 | AC92: N/A | AD92: N/A | AE92: N/A | AF92: N/A | AG92: 5622057.8 | AH92: 18.9 | AJ92: 0 | AK92: SW DEV C2 | AM92: 2.5 | AO92: 1440 | AQ92: 1995 | AS92: 2.3 | AU92: 806.1 | AW92: 1323.9 | AY92: 3.31 | AZ92: 2069301 | BA92: OHSAS/OHPDL | BB92: 0.7 | BC92: 373 | BD92: 3.3 | BE92: 2199057.8 | BF92: 0.8 | BG92: 517.8 | BH92: SANDSTONE | BI92: NORMAL | BJ92: OPEN HOLE STAND ALONE SCREEN | BK92: NO | BL92: NO | BM92: 3-1/2" | BN92: 1 | BO92: SINGLE | BP92: L80 1CR | BQ92: 361 | BR92: True | BS92: NONE | BT92: L80 1CR | BU92: 8.7 | BV92: KCL | BW92: NO | BX92: NO | BY92: =IF(COUNTIF('Data Upload-prod'!E:E,F92)=0,"Missing","Exist") -> Missing
A93: 45963 | B93: 45966.946 | C93: HML | D93: SB | E93: SOUTH FURIOUS | F93: SFJT-D11 | G93: APPRAISAL CUM DEV/DEVELOPMENT | H93: PVD-3 | I93: JACK UP | J93: 17.7 | K93: 1121.64 | L93: 896.5 | M93: N/A | N93: N/A | O93: N/A | P93: N/A | Q93: 8354179.4 | R93: 18.5 | S93: NO | T93: N/A | U93: DRY TREE | V93: 45552 | W93: 45549.646 | X93: 45589 | Y93: 1044 | Z93: SHALLOW WATER | AA93: 1103 | AB93: 884.2 | AC93: N/A | AD93: N/A | AE93: N/A | AF93: N/A | AG93: 9979862 | AH93: 26.9 | AI93: 11.4 | AJ93: 11.4 | AK93: SW DEV C2 | AM93: 2.5 | AO93: 1440 | AQ93: 1995 | AS93: 3 | AU93: 2.8 | AW93: 2283.7 | AY93: 3.56 | AZ93: 3005763 | BA93: OHSAS/OHPDL | BB93: 0.7 | BC93: 373 | BD93: 9.2 | BE93: 3928602 | BF93: 1384.7 | BG93: 1085 | BH93: SANDSTONE | BI93: NORMAL | BJ93: OPEN HOLE STAND ALONE SCREEN | BK93: NO | BL93: NO | BM93: 3-1/2" | BN93: 2 | BO93: SINGLE | BP93: L80 1CR | BQ93: 749 | BR93: True | BS93: INNER STRING WITH SSD | BT93: L80 1CR | BU93: 8.7 | BV93: KCL | BW93: NO | BX93: NO | BY93: =IF(COUNTIF('Data Upload-prod'!E:E,F93)=0,"Missing","Exist") -> Missing
A94: 45963 | B94: 45966.825 | C94: HML | D94: SB | E94: SOUTH FURIOUS | F94: SFJT-D01 | G94: APPRAISAL CUM DEV/DEVELOPMENT | H94: PVD-3 | I94: JACK UP | J94: 17.7 | K94: 1153.4 | L94: 896.5 | M94: N/A | N94: N/A | O94: N/A | P94: N/A | Q94: 9361904.8 | R94: 18.5 | S94: NO | T94: N/A | U94: DRY TREE | V94: 45561 | W94: 45561 | X94: 45633 | Y94: 1071 | Z94: SHALLOW WATER | AA94: 1131 | AB94: 896 | AC94: N/A | AD94: N/A | AE94: N/A | AF94: N/A | AG94: 7046945.1 | AH94: 16.75 | AI94: 0 | AJ94: 0 | AK94: SW DEV C2 | AM94: 2.5 | AO94: 1440 | AQ94: 1995 | AS94: 2.4 | AU94: 851 | AW94: 1359.9 | AY94: 3.7 | AZ94: 2331028 | BA94: OHSAS/OHPDL | BB94: 0.7 | BC94: 373 | BD94: 4.3 | BE94: 2637161 | BF94: 0.8 | BG94: 508.9 | BH94: SANDSTONE | BI94: NORMAL | BJ94: OPEN HOLE PREDRILLED LINER & CASED HOLE | BK94: NO | BL94: NO | BM94: 3-1/2" | BN94: 2 | BO94: SINGLE | BP94: L80 | BQ94: 218 | BR94: True | BS94: INNER STRING WITH SSD | BT94: L80 | BU94: 8.7 | BV94: KCL | BW94: NO | BX94: NO | BY94: =IF(COUNTIF('Data Upload-prod'!E:E,F94)=0,"Missing","Exist") -> Missing
A95: 45963 | B95: 45966.868 | C95: HML | D95: SB | E95: SOUTH FURIOUS | F95: SFJT-D07 | G95: APPRAISAL CUM DEV/DEVELOPMENT | H95: PVD-3 | I95: JACK UP | J95: 17.7 | K95: 1883.94 | L95: 1014.7 | M95: N/A | N95: N/A | O95: N/A | P95: N/A | Q95: 8953806.1 | R95: 19.9 | S95: NO | T95: N/A | U95: DRY TREE | V95: 45649 | W95: 45649 | X95: 45710.5 | Y95: 1836.4 | Z95: SHALLOW WATER | AA95: 1896 | AB95: 895 | AC95: N/A | AD95: N/A | AE95: N/A | AF95: N/A | AG95: 9308160 | AH95: 25.9 | AI95: 7 | AJ95: 5 | AK95: SW DEV C2 | AM95: 2.5 | AO95: 1440 | AQ95: 1995 | AS95: 3.5 | AU95: 857.8 | AW95: 1261.7 | AY95: 3.95 | AZ95: 2307879.8 | BA95: OHSAS/OHPDL | BB95: 0.7 | BC95: 373 | BD95: 4.3 | BE95: 2979588 | BF95: 0.6 | BG95: 403.9 | BH95: SANDSTONE | BI95: NORMAL | BJ95: OPEN HOLE STAND ALONE SCREEN | BK95: NO | BL95: NO | BM95: 3-1/2" | BN95: 2 | BO95: SINGLE | BP95: L80 | BQ95: 2045 | BR95: True | BS95: NONE | BT95: L80 | BU95: 8.7 | BV95: KCL | BW95: NO | BX95: NO | BY95: =IF(COUNTIF('Data Upload-prod'!E:E,F95)=0,"Missing","Exist") -> Missing
A96: 45963 | B96: 45966.851 | C96: HML | D96: SB | E96: SOUTH FURIOUS | F96: SFJT-D04 | G96: APPRAISAL CUM DEV/DEVELOPMENT | H96: PVD-3 | I96: JACK UP | J96: 17.7 | K96: 1415.94 | L96: 1086.41 | M96: N/A | N96: N/A | O96: N/A | P96: N/A | Q96: 8452276 | R96: 17.77 | S96: NO | T96: N/A | U96: DRY TREE | V96: 45653 | W96: 45653.438 | X96: 45696.167 | Y96: 1377.5 | Z96: SHALLOW WATER | AA96: 1437 | AB96: 1105 | AC96: N/A | AD96: N/A | AE96: N/A | AF96: N/A | AG96: 7627922 | AH96: 19.2 | AI96: 0 | AJ96: 0 | AK96: SW DEV C2 | AM96: 2.5 | AO96: 1440 | AQ96: 1995 | AS96: 2.2 | AU96: 715.1 | AW96: 1091.6 | BA96: OHSAS/OHPDL | BB96: 0.7 | BC96: 373 | BD96: 5.3 | BE96: 3183510 | BF96: 0.9 | BG96: 512.2 | BH96: SANDSTONE | BI96: NORMAL | BJ96: OPEN HOLE STAND ALONE SCREEN | BK96: NO | BL96: NO | BM96: 3-1/2" | BP96: L80 | BQ96: 1492 | BR96: True | BS96: INNER STRING WITH SSD | BT96: L80 | BU96: 8.7 | BV96: KCL | BW96: NO | BX96: NO | BY96: =IF(COUNTIF('Data Upload-prod'!E:E,F96)=0,"Missing","Exist") -> Missing
A97: 45963 | B97: 45966.93 | C97: HML | D97: SB | E97: SOUTH FURIOUS | F97: SFJT-D09 | G97: APPRAISAL CUM DEV/DEVELOPMENT | H97: PVD-3 | I97: JACK UP | J97: 17.7 | K97: 1316.12 | L97: 840.75 | M97: N/A | N97: N/A | O97: N/A | P97: N/A | Q97: 6805901.3 | R97: 11.94 | S97: NO | T97: N/A | U97: DRY TREE | V97: 45658 | W97: 45657.354 | X97: 45741.875 | Y97: 1564.4 | Z97: SHALLOW WATER | AA97: 1624 | AB97: 939 | AC97: N/A | AD97: N/A | AE97: N/A | AF97: N/A | AG97: 7890699.4 | AH97: 18.9 | AI97: 14.2 | AJ97: 14.2 | AK97: SW DEV C2 | AM97: 2.5 | AO97: 1440 | AQ97: 1995 | AS97: 2.7 | AU97: 901.4 | AW97: 1480.4 | AY97: 3.31 | AZ97: 2069301 | BA97: OHSAS/OHPDL | BB97: 0.7 | BC97: 373 | BD97: 4.3 | BE97: 3086410.3 | BF97: 0.8 | BG97: 579.1 | BH97: SANDSTONE | BI97: NORMAL | BJ97: OPEN HOLE STAND ALONE SCREEN | BK97: NO | BL97: NO | BM97: 3-1/2" | BN97: 2 | BO97: SINGLE | BP97: L80 1CR | BQ97: 792 | BR97: True | BS97: NONE | BT97: L80 1CR | BU97: 8.7 | BV97: KCL | BW97: NO | BX97: NO | BY97: =IF(COUNTIF('Data Upload-prod'!E:E,F97)=0,"Missing","Exist") -> Missing
A98: 45963 | B98: 45966.857 | C98: HML | D98: SB | E98: SOUTH FURIOUS | F98: SFJT-D06 | G98: APPRAISAL CUM DEV/DEVELOPMENT | H98: PVD-3 | I98: JACK UP | J98: 17.7 | K98: 1993.8 | L98: 1004.4 | M98: N/A | N98: N/A | O98: N/A | P98: N/A | Q98: 7764513.7 | R98: 15.04 | S98: NO | T98: N/A | U98: DRY TREE | V98: 45673 | W98: 45672.375 | X98: 46083.292 | Y98: 1921.5 | Z98: SHALLOW WATER | AA98: 1981 | AB98: 1004 | AC98: N/A | AD98: N/A | AE98: N/A | AF98: N/A | AG98: 6604148.9 | AH98: 15.98 | AI98: 0 | AJ98: 0 | AK98: SW DEV C2 | AM98: 2.5 | AO98: 1440 | AQ98: 1995 | AS98: 1.8 | AU98: 611.1 | AW98: 1016 | AY98: 4.19 | AZ98: 2207965.2 | BA98: OHSAS/OHPDL | BB98: 0.7 | BC98: 373 | BD98: 4.2 | BE98: 2632032 | BF98: 0.7 | BG98: 404.7 | BH98: SANDSTONE | BI98: NORMAL | BJ98: OPEN HOLE STAND ALONE SCREEN | BK98: NO | BL98: NO | BM98: 3-1/2" | BN98: 2 | BO98: SINGLE | BP98: L80 | BQ98: 833 | BR98: True | BS98: NONE | BT98: L80 | BU98: 8.7 | BV98: KCL | BW98: NO | BX98: NO | BY98: =IF(COUNTIF('Data Upload-prod'!E:E,F98)=0,"Missing","Exist") -> Missing
A99: 45961 | B99: 45967.426 | C99: SHELL | D99: SK | E99: MISAI KUCING | F99: MISAI KUCING-1 | G99: EXPLORATION/APPRAISAL | H99: NOBLE TOM PROSSER | I99: JACK UP | J99: 80 | K99: 2174 | L99: 2174 | M99: 22600000 | N99: 28200000 | O99: 31 | P99: 41.75 | Q99: N/A | R99: N/A | S99: NO | T99: N/A | U99: DRY TREE | V99: 45751 | W99: 45746.531 | X99: 45778 | Y99: 1248.2 | Z99: SHALLOW WATER | AA99: 1365.5 | AB99: 1365.5 | AC99: 21660000 | AD99: N/A | AE99: 31.47 | AF99: N/A | AG99: 21660000 | AH99: 31.47 | AI99: 14.39 | AJ99: 14.11 | AK99: SW EXP C4 | AM99: 4.4 | AO99: 1980 | AQ99: 2760 | AS99: 4.36 | AU99: 3529 | AW99: 5288 | BY99: =IF(COUNTIF('Data Upload-prod'!E:E,F99)=0,"Missing","Exist") -> Missing
A100: 45959 | B100: 45959.607 | C100: PTTEP | D100: SK | E100: CHENDA | F100: CHENDA-2 | G100: EXPLORATION/APPRAISAL | H100: NAGA-6 | I100: JACK UP | J100: 48 | K100: 1342 | L100: 1317 | M100: 16991457 | N100: 17416457 | O100: 32.8 | P100: 33.63 | Q100: N/A | R100: N/A | S100: NO | T100: N/A | U100: N/A | V100: 45640 | W100: 45655.667 | X100: 46067.708 | Y100: 1262 | Z100: SHALLOW WATER | AA100: 1342 | AB100: 1317 | AC100: N/A | AD100: 23460848 | AE100: N/A | AF100: 62.39 | AG100: 23460848 | AH100: 62.39 | AI100: 60.3 | AJ100: 2.5 | AK100: SW EXP C1 | AM100: 2.4 | AO100: 1375 | AQ100: 3025 | AS100: 2.4 | AU100: 1131 | AW100: 5666 | BY100: =IF(COUNTIF('Data Upload-prod'!E:E,F100)=0,"Missing","Exist") -> Missing
...

Sheet Data Upload-prod
A1: PIC | B1: Status | C1: ReportJournalId | D1: WellId | E1: WellName | F1: Id | G1: IsReport | H1: Type | I1: ContentType | J1: Size | K1: UploadAt | L1: CreatedBy | M1: CreatedAt | N1: UpdatedBy | O1: UpdatedAt | P1: IsSuccess | Q1: DeletedBy | R1: IsDeleted | S1: FileName | T1: FileName (ETL) | V1: FileSize | W1: Path | X1: Availability
A2: Mursyid | B2: Yes | C2: 8AA810DC-2B3D-46BD-9491-9F16C59EE792 | D2: DE852130-D7D6-4B59-A0FB-001DEBCCE3EB | E2: SAMARANG-B123 | F2: C4BFE42D-6C6A-4722-8265-7492D0FEB38F | G2: 1 | H2: NOOP | I2: application/pdf | J2: NULL | K2: NULL | L2: NULL | M2: NULL | N2: NULL | O2: NULL | P2: 1 | Q2: NULL | R2: 0 | S2: SAMARANG-B123 NOOP.pdf | T2: SAMARANG-B123 NOOP.pdf | U2: =IF(S2=T2,"Yes","No") -> Yes | W2: Uploads\c4bfe42d-6c6a-4722-8265-7492d0feb38f.pdf | X2: =IF(COUNTIF('MyWells Drilling Comp'!F:F,E2)=0,"Missing","Exist") -> Exist
A3: Mursyid | B3: Yes | C3: 5FF025AE-E7FD-4902-ACDD-C7BA0594F8FE | D3: DE852130-D7D6-4B59-A0FB-001DEBCCE3EB | E3: SAMARANG-B123 | F3: 0A421437-1633-46AD-BC15-0B7E164DB2E2 | G3: 1 | H3: FWR | I3: application/pdf | J3: NULL | K3: NULL | L3: NULL | M3: NULL | N3: NULL | O3: NULL | P3: 1 | Q3: NULL | R3: 0 | S3: SAMARANG-B123 FWR.pdf | T3: SAMARANG-B123 FWR.pdf | U3: =IF(S3=T3,"Yes","No") -> Yes | W3: Uploads\0a421437-1633-46ad-bc15-0b7e164db2e2.pdf | X3: =IF(COUNTIF('MyWells Drilling Comp'!F:F,E3)=0,"Missing","Exist") -> Exist
A4: Mursyid | B4: Yes | C4: 5E04E6D7-8AFE-4D45-8E01-992A7CABFC22 | D4: 59815EB3-C163-450B-A924-00CD25EED857 | E4: HADRAH-1 | F4: F2A753FA-4F94-4E04-BA19-FD5DD3C20070 | G4: 1 | H4: FWR | I4: application/pdf | J4: NULL | K4: NULL | L4: NULL | M4: NULL | N4: NULL | O4: NULL | P4: 1 | Q4: NULL | R4: 0 | S4: Hadrah-1 Final Well Report_with attachments.pdf | T4: Hadrah-1 Final Well Report_with attachments.pdf | U4: =IF(S4=T4,"Yes","No") -> Yes | W4: Uploads\f2a753fa-4f94-4e04-ba19-fd5dd3c20070.pdf | X4: =IF(COUNTIF('MyWells Drilling Comp'!F:F,E4)=0,"Missing","Exist") -> Exist
A5: Mursyid | B5: Yes | C5: 08E63DE3-4F92-467E-9934-5744194F510A | D5: 59815EB3-C163-450B-A924-00CD25EED857 | E5: HADRAH-1 | F5: 28E6B044-E20C-48C0-9464-8C0385877FCA | G5: 1 | H5: NOOP | I5: application/pdf | J5: NULL | K5: NULL | L5: NULL | M5: NULL | N5: NULL | O5: NULL | P5: 1 | Q5: NULL | R5: 0 | S5: Hadrah-1 NOOP.pdf | T5: Hadrah-1 NOOP.pdf | U5: =IF(S5=T5,"Yes","No") -> Yes | W5: Uploads\28e6b044-e20c-48c0-9464-8c0385877fca.pdf | X5: =IF(COUNTIF('MyWells Drilling Comp'!F:F,E5)=0,"Missing","Exist") -> Exist
A6: Mursyid | B6: Yes | C6: 9C582344-803A-4408-B364-165E54F1AC33 | D6: E2E37CDE-4762-4283-8993-00D4920B267D | E6: WD-A13 | F6: F1BD3C71-CE1A-4942-9D06-A028C51DD1D4 | G6: 1 | H6: NOOP | I6: application/pdf | J6: NULL | K6: NULL | L6: NULL | M6: NULL | N6: NULL | O6: NULL | P6: 1 | Q6: NULL | R6: 0 | S6: PMO3WDESWS14_WD-A13.pdf | T6: PMO3WDESWS14_WD-A13.pdf | U6: =IF(S6=T6,"Yes","No") -> Yes | W6: Uploads\f1bd3c71-ce1a-4942-9d06-a028c51dd1d4.pdf | X6: =IF(COUNTIF('MyWells Drilling Comp'!F:F,E6)=0,"Missing","Exist") -> Exist
A7: Mursyid | B7: Yes | C7: A7CCB483-E533-4705-9ABC-E4170E4CB088 | D7: E2E37CDE-4762-4283-8993-00D4920B267D | E7: WD-A13 | F7: 908E1F2C-E3D8-4F44-8EF6-1EC2D56677F4 | G7: 1 | H7: FWR | I7: application/pdf | J7: NULL | K7: NULL | L7: NULL | M7: NULL | N7: NULL | O7: NULL | P7: 1 | Q7: NULL | R7: 0 | S7: PMO3WDESWS49_WD-A13.pdf | T7: PMO3WDESWS49_WD-A13.pdf | U7: =IF(S7=T7,"Yes","No") -> Yes | W7: Uploads\908e1f2c-e3d8-4f44-8ef6-1ec2d56677f4.pdf | X7: =IF(COUNTIF('MyWells Drilling Comp'!F:F,E7)=0,"Missing","Exist") -> Exist
A8: Mursyid | B8: Yes | C8: 2802568D-0803-40F3-8168-FC03FB34CE58 | D8: C844197F-4206-492F-9856-010FFE56793F | E8: SUMANDAK SELATAN-B16ST1 | F8: 963A123D-1A47-4F8E-A984-359B05959C6C | G8: 1 | H8: FWR | I8: application/pdf | J8: NULL | K8: NULL | L8: NULL | M8: NULL | N8: NULL | O8: NULL | P8: 1 | Q8: NULL | R8: 0 | S8: Petronas Final Well Report B16 ST2 rev 3.pdf | T8: Petronas Final Well Report B16 ST2 rev 3.pdf | U8: =IF(S8=T8,"Yes","No") -> Yes | W8: Uploads\963a123d-1a47-4f8e-a984-359b05959c6c.pdf | X8: =IF(COUNTIF('MyWells Drilling Comp'!F:F,E8)=0,"Missing","Exist") -> Exist
A9: Mursyid | B9: Yes | C9: 75C6ECC4-711E-4529-973B-64E4C3CE7ECB | D9: C844197F-4206-492F-9856-010FFE56793F | E9: SUMANDAK SELATAN-B16ST1 | F9: FB5E6977-EDDE-47A9-8D74-8CC0C45C66AD | G9: 1 | H9: NOOP | I9: application/pdf | J9: NULL | K9: NULL | L9: NULL | M9: NULL | N9: NULL | O9: NULL | P9: 1 | Q9: NULL | R9: 0 | S9: Sumandak Selatan B16 ST1 NOOP (FINAL).pdf | T9: Sumandak Selatan B16 ST1 NOOP (FINAL).pdf | U9: =IF(S9=T9,"Yes","No") -> Yes | W9: Uploads\fb5e6977-edde-47a9-8d74-8cc0c45c66ad.pdf | X9: =IF(COUNTIF('MyWells Drilling Comp'!F:F,E9)=0,"Missing","Exist") -> Exist
A10: Mursyid | B10: Yes | C10: 9E3730FF-FD4F-43C6-92A6-61045B607718 | D10: 1626FB0A-7458-414B-B820-015880FA6921 | E10: D21-A3 | F10: 5D18B9F3-4EA1-41F5-8B05-08B27AFA51CD | G10: 1 | H10: FWR | I10: application/pdf | J10: NULL | K10: NULL | L10: NULL | M10: NULL | N10: NULL | O10: NULL | P10: 1 | Q10: NULL | R10: 0 | S10: SKO3D21-WS47_D21-A3.pdf | T10: SKO3D21-WS47_D21-A3.pdf | U10: =IF(S10=T10,"Yes","No") -> Yes | W10: Uploads\5d18b9f3-4ea1-41f5-8b05-08b27afa51cd.pdf | X10: =IF(COUNTIF('MyWells Drilling Comp'!F:F,E10)=0,"Missing","Exist") -> Exist
A11: Mursyid | B11: Yes | C11: 06D82BA6-E854-4453-BE79-1882F19FFFE1 | D11: 1626FB0A-7458-414B-B820-015880FA6921 | E11: D21-A3 | F11: 6725064A-4CAD-40BA-A806-3A8CB1AF511F | G11: 1 | H11: NOOP | I11: application/pdf | J11: NULL | K11: NULL | L11: NULL | M11: NULL | N11: NULL | O11: NULL | P11: 1 | Q11: NULL | R11: 0 | S11: SKO3D21-WS50_D21-A3.pdf | T11: SKO3D21-WS50_D21-A3.pdf | U11: =IF(S11=T11,"Yes","No") -> Yes | W11: Uploads\6725064a-4cad-40ba-a806-3a8cb1af511f.pdf | X11: =IF(COUNTIF('MyWells Drilling Comp'!F:F,E11)=0,"Missing","Exist") -> Exist
A12: Mursyid | B12: Yes | C12: 692DEF30-8075-4FFB-A121-D02B881F214C | D12: 024D8DAB-F83E-4087-8CA7-016D8C5687AC | E12: KMSE-A1 | F12: E02CC16F-4304-4215-9107-34A100D9B785 | G12: 1 | H12: FWR | I12: application/pdf | J12: NULL | K12: NULL | L12: NULL | M12: NULL | N12: NULL | O12: NULL | P12: 1 | Q12: NULL | R12: 0 | S12: KMSE-A1-FWR.pdf | U12: =IF(S12=T12,"Yes","No") -> No | W12: Uploads\e02cc16f-4304-4215-9107-34a100d9b785.pdf | X12: =IF(COUNTIF('MyWells Drilling Comp'!F:F,E12)=0,"Missing","Exist") -> Exist
A13: Mursyid | B13: Yes | C13: 8FD94B8F-6F3E-458C-8D62-DD64F3CCB550 | D13: 024D8DAB-F83E-4087-8CA7-016D8C5687AC | E13: KMSE-A1 | F13: C1707397-8860-41BE-811B-55766483FDD8 | G13: 1 | H13: NOOP | I13: application/pdf | J13: NULL | K13: NULL | L13: NULL | M13: NULL | N13: NULL | O13: NULL | P13: 1 | Q13: NULL | R13: 0 | S13: KMSE A1_NOOP_2013_SK.pdf | T13: KMSE A1_NOOP_2013_SK.pdf | U13: =IF(S13=T13,"Yes","No") -> Yes | W13: Uploads\c1707397-8860-41be-811b-55766483fdd8.pdf | X13: =IF(COUNTIF('MyWells Drilling Comp'!F:F,E13)=0,"Missing","Exist") -> Exist
A14: Mursyid | B14: Yes | C14: FB8E0A8B-2E89-4B43-846F-FED38257C652 | D14: 5E15C965-E999-48C8-9069-01877D2A515F | E14: DULANG-D10ST1 (WI) | F14: 49B1239B-C9CC-44EC-A244-675514BD5F66 | G14: 1 | H14: FWR | I14: application/pdf | J14: NULL | K14: NULL | L14: NULL | M14: NULL | N14: NULL | O14: NULL | P14: 1 | Q14: NULL | R14: 0 | S14: DULANG-D10ST1 FWR.pdf | T14: DULANG-D10ST1 FWR.pdf | U14: =IF(S14=T14,"Yes","No") -> Yes | W14: Uploads\49b1239b-c9cc-44ec-a244-675514bd5f66.pdf | X14: =IF(COUNTIF('MyWells Drilling Comp'!F:F,E14)=0,"Missing","Exist") -> Exist
A15: Mursyid | B15: Yes | C15: C33F0AD0-0E2D-4FF6-B493-128A3680FADA | D15: 5E15C965-E999-48C8-9069-01877D2A515F | E15: DULANG-D10ST1 (WI) | F15: 32AB8B2B-48C2-4149-BF0C-581722E48E7F | G15: 1 | H15: NOOP | I15: application/pdf | J15: NULL | K15: NULL | L15: NULL | M15: NULL | N15: NULL | O15: NULL | P15: 1 | Q15: NULL | R15: 0 | S15: Dulang EMP D10ST1 (W1) - WI Final Submission to MPM.pdf | T15: Dulang EMP D10ST1 (W1) - WI Final Submission to MPM.pdf | U15: =IF(S15=T15,"Yes","No") -> Yes | W15: Uploads\32ab8b2b-48c2-4149-bf0c-581722e48e7f.pdf | X15: =IF(COUNTIF('MyWells Drilling Comp'!F:F,E15)=0,"Missing","Exist") -> Exist
A16: Mursyid | B16: Yes | C16: 1BA09680-BDD0-4F15-8448-4F3976417F1C | D16: 16119A4E-13CE-49EC-953A-023BB4B36713 | E16: BENTARA-A4 | F16: EB9CF70E-C7D9-4DD3-B329-6C976EE0E827 | G16: 1 | H16: FWR | I16: application/pdf | J16: NULL | K16: NULL | L16: NULL | M16: NULL | N16: NULL | O16: NULL | P16: 1 | Q16: NULL | R16: 0 | S16: Bentara-A4 Final Well Report_.pdf | T16: Bentara-A4 Final Well Report_.pdf | U16: =IF(S16=T16,"Yes","No") -> Yes | W16: Uploads\eb9cf70e-c7d9-4dd3-b329-6c976ee0e827.pdf | X16: =IF(COUNTIF('MyWells Drilling Comp'!F:F,E16)=0,"Missing","Exist") -> Exist
A17: Mursyid | B17: Yes | C17: 9492E4B7-C6B1-47ED-BC1D-D8F7EBF4CB75 | D17: 16119A4E-13CE-49EC-953A-023BB4B36713 | E17: BENTARA-A4 | F17: 71E2CFC6-F653-4CEB-93A7-3BE85AF92416 | G17: 1 | H17: NOOP | I17: application/pdf | J17: NULL | K17: NULL | L17: NULL | M17: NULL | N17: NULL | O17: NULL | P17: 1 | Q17: NULL | R17: 0 | S17: NOOP Bentara-A4_Signed_rev01.pdf | T17: NOOP Bentara-A4_Signed_rev01.pdf | U17: =IF(S17=T17,"Yes","No") -> Yes | W17: Uploads\71e2cfc6-f653-4ceb-93a7-3be85af92416.pdf | X17: =IF(COUNTIF('MyWells Drilling Comp'!F:F,E17)=0,"Missing","Exist") -> Exist
A18: Mursyid | B18: Yes | C18: 9325DC20-1891-4F21-8CFB-1E9D80830BAE | D18: 853C8EE9-7432-41BC-A655-024326B964D0 | E18: OPHIR-A3 | F18: 9B2021DE-FE26-4D41-A86D-3CF9D89BECC6 | G18: 1 | H18: FWR | I18: application/pdf | J18: NULL | K18: NULL | L18: NULL | M18: NULL | N18: NULL | O18: NULL | P18: 1 | Q18: NULL | R18: 0 | S18: OPHIR-A3 EOWR [FINAL].pdf | T18: OPHIR-A3 EOWR [FINAL].pdf | U18: =IF(S18=T18,"Yes","No") -> Yes | W18: Uploads\9b2021de-fe26-4d41-a86d-3cf9d89becc6.pdf | X18: =IF(COUNTIF('MyWells Drilling Comp'!F:F,E18)=0,"Missing","Exist") -> Exist
A19: Mursyid | B19: Yes | C19: 8226D588-54E3-4054-8DA7-A7E421DFE6A2 | D19: 853C8EE9-7432-41BC-A655-024326B964D0 | E19: OPHIR-A3 | F19: CD1CD901-F56C-44B5-94C6-6B34D541C2C9 | G19: 1 | H19: NOOP | I19: application/pdf | J19: NULL | K19: NULL | L19: NULL | M19: NULL | N19: NULL | O19: NULL | P19: 1 | Q19: NULL | R19: 0 | S19: NOOP Ophir-A3 Azry.pdf | T19: NOOP Ophir-A3 Azry.pdf | U19: =IF(S19=T19,"Yes","No") -> Yes | W19: Uploads\cd1cd901-f56c-44b5-94c6-6b34d541c2c9.pdf | X19: =IF(COUNTIF('MyWells Drilling Comp'!F:F,E19)=0,"Missing","Exist") -> Exist
A20: Mursyid | B20: Yes | C20: EA7128A4-2AFA-484B-BA6F-2B537FD225C6 | D20: 90ABE30C-CFE5-4B96-AD6A-029E6883FD37 | E20: D18-208A | F20: 21EBEC4F-0D88-464F-8D4A-162F5407907F | G20: 1 | H20: NOOP | I20: application/pdf | J20: NULL | K20: NULL | L20: NULL | M20: NULL | N20: NULL | O20: NULL | P20: 1 | Q20: NULL | R20: 0 | S20: SKO3D18-GL29_D18_208A.pdf | T20: SKO3D18-GL29_D18_208A.pdf | U20: =IF(S20=T20,"Yes","No") -> Yes | W20: Uploads\21ebec4f-0d88-464f-8d4a-162f5407907f.pdf | X20: =IF(COUNTIF('MyWells Drilling Comp'!F:F,E20)=0,"Missing","Exist") -> Exist
A21: Mursyid | B21: Yes | C21: 41F76A10-EB81-4CD3-911F-4F373500EE57 | D21: 90ABE30C-CFE5-4B96-AD6A-029E6883FD37 | E21: D18-208A | F21: AA2252D7-590F-43EE-9CF7-88DBD8E45919 | G21: 1 | H21: FWR | I21: application/pdf | J21: NULL | K21: NULL | L21: NULL | M21: NULL | N21: NULL | O21: NULL | P21: 1 | Q21: NULL | R21: 0 | S21: D-18 208 A Final Well Report 208A-OP6 Signed.pdf | T21: D-18 208 A Final Well Report 208A-OP6 Signed.pdf | U21: =IF(S21=T21,"Yes","No") -> Yes | W21: Uploads\aa2252d7-590f-43ee-9cf7-88dbd8e45919.pdf | X21: =IF(COUNTIF('MyWells Drilling Comp'!F:F,E21)=0,"Missing","Exist") -> Exist
A22: Mursyid | B22: Yes | C22: 1B0340CC-880F-4F44-BADA-9A2397381E8F | D22: 56C05C64-A50C-4B2A-802E-02D40CDEE213 | E22: BUNGA KANGSAR-1 | F22: 37AD2524-37E7-4E17-9815-CFB73152015E | G22: 1 | H22: NOOP | I22: application/pdf | J22: NULL | K22: NULL | L22: NULL | M22: NULL | N22: NULL | O22: NULL | P22: 1 | Q22: NULL | R22: 0 | S22: Bunga Kangsar-1 NOOP.pdf | T22: Bunga Kangsar-1 NOOP.pdf | U22: =IF(S22=T22,"Yes","No") -> Yes | W22: Uploads\37ad2524-37e7-4e17-9815-cfb73152015e.pdf | X22: =IF(COUNTIF('MyWells Drilling Comp'!F:F,E22)=0,"Missing","Exist") -> Exist
A23: Mursyid | B23: Yes | C23: 72F451A6-55FD-4566-A61E-D7B8A3E61EC5 | D23: 56C05C64-A50C-4B2A-802E-02D40CDEE213 | E23: BUNGA KANGSAR-1 | F23: 639814D0-FA66-46D5-AC1E-3DA444319404 | G23: 1 | H23: FWR | I23: application/pdf | J23: NULL | K23: NULL | L23: NULL | M23: NULL | N23: NULL | O23: NULL | P23: 1 | Q23: NULL | R23: 0 | S23: Bunga Kangsar-1 n ST1 EoWR - Signed.pdf | T23: Bunga Kangsar-1 n ST1 EoWR - Signed.pdf | U23: =IF(S23=T23,"Yes","No") -> Yes | W23: Uploads\639814d0-fa66-46d5-ac1e-3da444319404.pdf | X23: =IF(COUNTIF('MyWells Drilling Comp'!F:F,E23)=0,"Missing","Exist") -> Exist
A24: Mursyid | B24: Yes | C24: D9D333FA-0B6F-4C84-9F21-B6BEF1D5C00A | D24: A1A933A4-9D40-420C-89FE-0323004F37C0 | E24: F14-107 | F24: 907F858F-735B-460C-89E8-77A3C270C6E8 | G24: 1 | H24: FWR | I24: application/pdf | J24: NULL | K24: NULL | L24: NULL | M24: NULL | N24: NULL | O24: NULL | P24: 1 | Q24: NULL | R24: 0 | S24: F14-107 FDCR.pdf | T24: F14-107 FDCR.pdf | U24: =IF(S24=T24,"Yes","No") -> Yes | W24: Uploads\907f858f-735b-460c-89e8-77a3c270c6e8.pdf | X24: =IF(COUNTIF('MyWells Drilling Comp'!F:F,E24)=0,"Missing","Exist") -> Exist
... A30: Mursyid | B30: Yes | C30: 5ECF0704-5652-44A8-8C70-6F0D2DB220C8 | D30: 7B04A1F3-6C63-458A-9DD7-05338CA76373 | E30: BESTARI-3 | F30: C50ECEED-EA8C-47EA-BEF8-EE588E59224B | G30: 1 | H30: FWR | I30: application/pdf | J30: NULL | K30: NULL | L30: NULL | M30: NULL | N30: NULL | O30: NULL | P30: 1 | Q30: NULL | R30: 0 | S30: JXN-DWR-DRG-6-TCR-011-Rev.03 (FINAL)_Bestari-3_EOWR with Appendix.pdf | T30: JXN-DWR-DRG-6-TCR-011-Rev.03 (FINAL)_Bestari-3_EOWR with Appendix.pdf | U30: =IF(S30=T30,"Yes","No") -> Yes | W30: Uploads\c50eceed-ea8c-47ea-bef8-ee588e59224b.pdf | X30: =IF(COUNTIF('MyWells Drilling Comp'!F:F,E30)=0,"Missing","Exist") -> Exist
A31: Mursyid | B31: Yes | C31: 11B07E50-C2B0-47A7-AF35-58FB019495F4 | D31: 7B04A1F3-6C63-458A-9DD7-05338CA76373 | E31: BESTARI-3 | F31: A4F54413-7861-408B-A6B1-B32A431128B5 | G31: 1 | H31: NOOP | I31: application/pdf | J31: NULL | K31: NULL | L31: NULL | M31: NULL | N31: NULL | O31: NULL | P31: 1 | Q31: NULL | R31: 0 | S31: Bestari-3 NOOP.pdf | U31: =IF(S31=T31,"Yes","No") -> No | W31: Uploads\a4f54413-7861-408b-a6b1-b32a431128b5.pdf | X31: =IF(COUNTIF('MyWells Drilling Comp'!F:F,E31)=0,"Missing","Exist") -> Exist
A32: Mursyid | B32: Yes | C32: 8C019F30-392E-4DCE-8632-76BD7BCA9905 | D32: DD10A50F-B668-4097-82FB-062F0BEFFFBF | E32: BRWA-17 | F32: A074076C-196B-4972-8DB3-E3464433F3CD | G32: 1 | H32: NOOP | I32: application/pdf | J32: NULL | K32: NULL | L32: NULL | M32: NULL | N32: NULL | O32: NULL | P32: 1 | Q32: NULL | R32: 0 | S32: NOOP BRWA17.pdf | T32: NOOP BRWA17.pdf | U32: =IF(S32=T32,"Yes","No") -> Yes | W32: Uploads\a074076c-196b-4972-8db3-e3464433f3cd.pdf | X32: =IF(COUNTIF('MyWells Drilling Comp'!F:F,E32)=0,"Missing","Exist") -> Exist
A33: Mursyid | B33: Yes | C33: 1E45B69E-C78A-400B-8216-783CD6D389D6 | D33: DD10A50F-B668-4097-82FB-062F0BEFFFBF | E33: BRWA-17 | F33: 7DB6A500-455C-4031-9D46-C7558BAF9B13 | G33: 1 | H33: FWR | I33: application/pdf | J33: NULL | K33: NULL | L33: NULL | M33: NULL | N33: NULL | O33: NULL | P33: 1 | Q33: NULL | R33: 0 | S33: VPSB-BEF3-DRL-WWR-0003 BRWA-17 Final Well Report Rev.1.pdf | T33: VPSB-BEF3-DRL-WWR-0003 BRWA-17 Final Well Report Rev.1.pdf | U33: =IF(S33=T33,"Yes","No") -> Yes | W33: Uploads\7db6a500-455c-4031-9d46-c7558baf9b13.pdf | X33: =IF(COUNTIF('MyWells Drilling Comp'!F:F,E33)=0,"Missing","Exist") -> Exist
A34: Mursyid | B34: Yes | C34: 0384D4C4-7AFC-463A-9878-1A22D1A11744 | D34: 8C9D4BBF-95D2-490B-82A4-0652024B90A1 | E34: PESA-02 | F34: C45EF873-F468-42E3-ACC8-6A5D3BC1AE7E | G34: 1 | H34: NOOP | I34: application/pdf | J34: NULL | K34: NULL | L34: NULL | M34: NULL | N34: NULL | O34: NULL | P34: 1 | Q34: NULL | R34: 0 | S34: PEMANIS PESA-1, PESA-2, PESA-3 and PESA-4 NOOP Revised.pdf | T34: PEMANIS PESA-1, PESA-2, PESA-3 and PESA-4 NOOP Revised.pdf | U34: =IF(S34=T34,"Yes","No") -> Yes | W34: Uploads\c45ef873-f468-42e3-acc8-6a5d3bc1ae7e.pdf | X34: =IF(COUNTIF('MyWells Drilling Comp'!F:F,E34)=0,"Missing","Exist") -> Exist
A35: Mursyid | B35: Yes | C35: 2A125C18-480B-468B-9731-DF24D0785D58 | D35: 8C9D4BBF-95D2-490B-82A4-0652024B90A1 | E35: PESA-02 | F35: 9C463DFF-0A22-4B77-B88A-B2C7364349BD | G35: 1 | H35: FWR | I35: application/pdf | J35: NULL | K35: NULL | L35: NULL | M35: NULL | N35: NULL | O35: NULL | P35: 1 | Q35: NULL | R35: 0 | S35: PESA-2 EOWR FINAL (APPROVED).pdf | T35: PESA-2 EOWR FINAL (APPROVED).pdf | U35: =IF(S35=T35,"Yes","No") -> Yes | W35: Uploads\9c463dff-0a22-4b77-b88a-b2c7364349bd.pdf | X35: =IF(COUNTIF('MyWells Drilling Comp'!F:F,E35)=0,"Missing","Exist") -> Exist
A36: Mursyid | B36: Yes | C36: AE4C98D3-7731-43E4-9834-7C32980803E1 | D36: D2179E06-3BAA-4D3C-A29F-06A51D43ACD6 | E36: PUTERI A-05 | F36: 6BD835FF-3184-41A0-8603-42F41E09C4AC | G36: 1 | H36: FWR | I36: application/pdf | J36: NULL | K36: NULL | L36: NULL | M36: NULL | N36: NULL | O36: NULL | P36: 1 | Q36: NULL | R36: 0 | S36: Puteri A-5 End of Well Report - FINAL - signed.pdf | T36: Puteri A-5 End of Well Report - FINAL - signed.pdf | U36: =IF(S36=T36,"Yes","No") -> Yes | W36: Uploads\6bd835ff-3184-41a0-8603-42f41e09c4ac.pdf | X36: =IF(COUNTIF('MyWells Drilling Comp'!F:F,E36)=0,"Missing","Exist") -> Exist
A37: Mursyid | B37: Yes | C37: C0BB2163-87F8-429B-8087-9406A91951E7 | D37: D2179E06-3BAA-4D3C-A29F-06A51D43ACD6 | E37: PUTERI A-05 | F37: B9AE50FE-7783-41DF-8B4F-E1FE94897BD0 | G37: 1 | H37: NOOP | I37: application/pdf | J37: NULL | K37: NULL | L37: NULL | M37: NULL | N37: NULL | O37: NULL | P37: 1 | Q37: NULL | R37: 0 | S37: PMO3PTRIGL04_PUTERI-A05_SOMV.pdf | T37: PMO3PTRIGL04_PUTERI-A05_SOMV.pdf | U37: =IF(S37=T37,"Yes","No") -> Yes | W37: Uploads\b9ae50fe-7783-41df-8b4f-e1fe94897bd0.pdf | X37: =IF(COUNTIF('MyWells Drilling Comp'!F:F,E37)=0,"Missing","Exist") -> Exist
A38: Mursyid | B38: Yes | C38: 97BFA078-E9FD-4462-9F8D-A8E6750D7282 | D38: E06E5C20-4565-4AC3-BB56-06EBD3970E37 | E38: BKC-17 | F38: BFB119B0-5FCF-4894-AD29-F7B01946E94E | G38: 1 | H38: NOOP | I38: application/pdf | J38: NULL | K38: NULL | L38: NULL | M38: NULL | N38: NULL | O38: NULL | P38: 1 | Q38: NULL | R38: 0 | S38: PMO3BKWAGL71_BKC-17ST1(C).pdf | T38: PMO3BKWAGL71_BKC-17ST1(C).pdf | U38: =IF(S38=T38,"Yes","No") -> Yes | W38: Uploads\bfb119b0-5fcf-4894-ad29-f7b01946e94e.pdf | X38: =IF(COUNTIF('MyWells Drilling Comp'!F:F,E38)=0,"Missing","Exist") -> Exist
A39: Mursyid | B39: Yes | C39: 104C9AFD-33A2-4DDB-B821-5AB3E835C9C1 | D39: E06E5C20-4565-4AC3-BB56-06EBD3970E37 | E39: BKC-17 | F39: CA34D36C-1813-449B-B2C8-09EACF5E947A | G39: 1 | H39: FWR | I39: application/pdf | J39: NULL | K39: NULL | L39: NULL | M39: NULL | N39: NULL | O39: NULL | P39: 1 | Q39: NULL | R39: 0 | S39: PMO3BKWAWSB5_BKC-17ST1(C).pdf | T39: PMO3BKWAWSB5_BKC-17ST1(C).pdf | U39: =IF(S39=T39,"Yes","No") -> Yes | W39: Uploads\ca34d36c-1813-449b-b2c8-09eacf5e947a.pdf | X39: =IF(COUNTIF('MyWells Drilling Comp'!F:F,E39)=0,"Missing","Exist") -> Exist
A40: Mursyid | B40: Yes | C40: B1BA5BF3-8952-4573-8A97-76564FD873F4 | D40: 90978F74-C776-46A8-B2CC-06FF8CB0ED05 | E40: BERANTAI WEST-1 | F40: A29CBF93-5C02-47E9-B051-126315B08A52 | G40: 1 | H40: NOOP | I40: application/pdf | J40: NULL | K40: NULL | L40: NULL | M40: NULL | N40: NULL | O40: NULL | P40: 1 | Q40: NULL | R40: 0 | S40: NOOP Berantai West.pdf | T40: NOOP Berantai West.pdf | U40: =IF(S40=T40,"Yes","No") -> Yes | W40: Uploads\a29cbf93-5c02-47e9-b051-126315b08a52.pdf | X40: =IF(COUNTIF('MyWells Drilling Comp'!F:F,E40)=0,"Missing","Exist") -> Exist
A41: Mursyid | B41: Yes | C41: 9A7DA3BA-3772-40F9-BEEE-C01F0ACC01A9 | D41: 90978F74-C776-46A8-B2CC-06FF8CB0ED05 | E41: BERANTAI WEST-1 | F41: 821ADA6E-4271-46F0-BD36-654B2A723C91 | G41: 1 | H41: FWR | I41: application/pdf | J41: NULL | K41: NULL | L41: NULL | M41: NULL | N41: NULL | O41: NULL | P41: 1 | Q41: NULL | R41: 0 | S41: BRW-1 Final Well Report 2018-Final.pdf | T41: BRW-1 Final Well Report 2018-Final.pdf | U41: =IF(S41=T41,"Yes","No") -> Yes | W41: Uploads\821ada6e-4271-46f0-bd36-654b2a723c91.pdf | X41: =IF(COUNTIF('MyWells Drilling Comp'!F:F,E41)=0,"Missing","Exist") -> Exist
A42: Mursyid | B42: Yes | C42: 7306B53A-D376-4F0F-B2DF-5E069DCA04F3 | D42: E58C22EA-C774-4ED6-8796-072482B46DCD | E42: TOMAN-1 | F42: 10EB5179-8327-4EA8-BF91-814D97BAEE2F | G42: 1 | H42: FWR | I42: application/pdf | J42: NULL | K42: NULL | L42: NULL | M42: NULL | N42: NULL | O42: NULL | P42: 1 | Q42: NULL | R42: 0 | S42: SKO3TMANWS03_TOMAN-1.pdf | T42: SKO3TMANWS03_TOMAN-1.pdf | U42: =IF(S42=T42,"Yes","No") -> Yes | W42: Uploads\10eb5179-8327-4ea8-bf91-814d97baee2f.pdf | X42: =IF(COUNTIF('MyWells Drilling Comp'!F:F,E42)=0,"Missing","Exist") -> Exist
A43: Mursyid | B43: Yes | C43: 7B507B7F-245C-4CC5-8E66-94365A3CE471 | D43: E58C22EA-C774-4ED6-8796-072482B46DCD | E43: TOMAN-1 | F43: 10B4BC09-5717-4652-825E-307AD6235D4B | G43: 1 | H43: NOOP | I43: application/pdf | J43: NULL | K43: NULL | L43: NULL | M43: NULL | N43: NULL | O43: NULL | P43: 1 | Q43: NULL | R43: 0 | S43: SKO3TMANWS01_TOMAN-1.pdf | T43: SKO3TMANWS01_TOMAN-1.pdf | U43: =IF(S43=T43,"Yes","No") -> Yes | W43: Uploads\10b4bc09-5717-4652-825e-307ad6235d4b.pdf | X43: =IF(COUNTIF('MyWells Drilling Comp'!F:F,E43)=0,"Missing","Exist") -> Exist
A44: Mursyid | B44: Yes | C44: FB510231-D3EB-41AC-8A62-1B8432AD1D76 | D44: 70EE8F9B-20C5-4567-9461-072BFA4D3F21 | E44: TELOK-B7 | F44: 97922E5C-16DD-4872-94E9-472221233477 | G44: 1 | H44: FWR | I44: application/pdf | J44: NULL | K44: NULL | L44: NULL | M44: NULL | N44: NULL | O44: NULL | P44: 1 | Q44: NULL | R44: 0 | S44: Telok B7 Final Well Report (MPM Submission).pdf | T44: Telok B7 Final Well Report (MPM Submission).pdf | U44: =IF(S44=T44,"Yes","No") -> Yes | W44: Uploads\97922e5c-16dd-4872-94e9-472221233477.pdf | X44: =IF(COUNTIF('MyWells Drilling Comp'!F:F,E44)=0,"Missing","Exist") -> Exist
A45: Mursyid | B45: Yes | C45: 1F5C693A-2AD4-4D1F-A9B5-14B41E74A568 | D45: 70EE8F9B-20C5-4567-9461-072BFA4D3F21 | E45: TELOK-B7 | F45: 26E9326C-9339-4D10-B1DE-FF5DF864DC8F | G45: 1 | H45: NOOP | I45: application/pdf | J45: NULL | K45: NULL | L45: NULL | M45: NULL | N45: NULL | O45: NULL | P45: 1 | Q45: NULL | R45: 0 | S45: PMO3TELOWS58_TELOK-B7.pdf | U45: =IF(S45=T45,"Yes","No") -> No | W45: Uploads\26e9326c-9339-4d10-b1de-ff5df864dc8f.pdf | X45: =IF(COUNTIF('MyWells Drilling Comp'!F:F,E45)=0,"Missing","Exist") -> Exist
A46: Mursyid | B46: Yes | C46: EEEA4236-9924-4D3B-9499-626E2A28BD1F | D46: 0A22AC6B-DDCD-42DF-A124-073F9E73111F | E46: D21-A1 | F46: DD36B1B2-5439-4647-8A85-B68CC43759F3 | G46: 1 | H46: NOOP | I46: application/pdf | J46: NULL | K46: NULL | L46: NULL | M46: NULL | N46: NULL | O46: NULL | P46: 1 | Q46: NULL | R46: 0 | S46: SKO3D21-GL11_BERANANG WEST-1_PCSB_NOOP.pdf | T46: SKO3D21-GL11_BERANANG WEST-1_PCSB_NOOP.pdf | U46: =IF(S46=T46,"Yes","No") -> Yes | W46: Uploads\dd36b1b2-5439-4647-8a85-b68cc43759f3.pdf | X46: =IF(COUNTIF('MyWells Drilling Comp'!F:F,E46)=0,"Missing","Exist") -> Exist
A47: Mursyid | B47: Yes | C47: F10C99CE-4F45-4263-86D0-69689AAEA801 | D47: 0A22AC6B-DDCD-42DF-A124-073F9E73111F | E47: D21-A1 | F47: AC73EF69-B808-49F2-8EBB-A2290E9138BE | G47: 1 | H47: FWR | I47: application/pdf | J47: NULL | K47: NULL | L47: NULL | M47: NULL | N47: NULL | O47: NULL | P47: 1 | Q47: NULL | R47: 0 | S47: SKO3D21-WS66_BERANANG WEST-1_PCSB_FWR.pdf | T47: SKO3D21-WS66_BERANANG WEST-1_PCSB_FWR.pdf | U47: =IF(S47=T47,"Yes","No") -> Yes | W47: Uploads\ac73ef69-b808-49f2-8ebb-a2290e9138be.pdf | X47: =IF(COUNTIF('MyWells Drilling Comp'!F:F,E47)=0,"Missing","Exist") -> Exist
A48: Mursyid | B48: Yes | C48: 5A3F6AE6-BFBE-42A4-B128-81F0019A03C7 | D48: 3F58C90E-E39C-485F-A58A-07710A847553 | E48: E06-106 | F48: E931EA5D-6C92-4462-AB92-4011F2B495FD | G48: 1 | H48: FWR | I48: application/pdf | J48: NULL | K48: NULL | L48: NULL | M48: NULL | N48: NULL | O48: NULL | P48: 1 | Q48: NULL | R48: 0 | S48: E06-106 End of Well Report.pdf | T48: E06-106 End of Well Report.pdf | U48: =IF(S48=T48,"Yes","No") -> Yes | W48: Uploads\e931ea5d-6c92-4462-ab92-4011f2b495fd.pdf | X48: =IF(COUNTIF('MyWells Drilling Comp'!F:F,E48)=0,"Missing","Exist") -> Missing
A49: Mursyid | B49: Yes | C49: AD77BF2F-9A1B-495E-8D1E-58AB44A16C6F | D49: 3F58C90E-E39C-485F-A58A-07710A847553 | E49: E06-106 | F49: AAE22BEA-B16D-4E0B-8B6D-465ACCDD9479 | G49: 1 | H49: NOOP | I49: application/pdf | J49: NULL | K49: NULL | L49: NULL | M49: NULL | N49: NULL | O49: NULL | P49: 1 | Q49: NULL | R49: 0 | S49: SKO3E6--GL6008_E06-101-102-106-108_SHELL.pdf | T49: E06-106 (N2) NOOP R2 Final - signed.pdf | U49: =IF(S49=T49,"Yes","No") -> No | W49: Uploads\aae22bea-b16d-4e0b-8b6d-465accdd9479.pdf | X49: =IF(COUNTIF('MyWells Drilling Comp'!F:F,E49)=0,"Missing","Exist") -> Missing
A50: Mursyid | B50: Yes | C50: 1AB305DF-3A58-4E80-B618-4EED30F78C97 | D50: AC9164DC-3DFB-4E89-B845-07B6E935B1E7 | E50: SEPAT-A4 | F50: 77F4721D-BE69-4091-8B28-AF0CBAB2303F | G50: 1 | H50: FWR | I50: application/pdf | J50: NULL | K50: NULL | L50: NULL | M50: NULL | N50: NULL | O50: NULL | P50: 1 | Q50: NULL | R50: 0 | S50: Sepat A4 FWR.pdf | T50: Sepat A4 FWR.pdf | U50: =IF(S50=T50,"Yes","No") -> Yes | W50: Uploads\77f4721d-be69-4091-8b28-af0cbab2303f.pdf | X50: =IF(COUNTIF('MyWells Drilling Comp'!F:F,E50)=0,"Missing","Exist") -> Exist
A51: Mursyid | B51: Yes | C51: 2C0A2A4F-B103-4C60-91B3-7A37D6F88C8A | D51: AC9164DC-3DFB-4E89-B845-07B6E935B1E7 | E51: SEPAT-A4 | F51: 7F483FA6-066D-41A7-B110-216CD556479B | G51: 1 | H51: NOOP | I51: application/pdf | J51: NULL | K51: NULL | L51: NULL | M51: NULL | N51: NULL | O51: NULL | P51: 1 | Q51: NULL | R51: 0 | S51: PMO3SPATGL44_SEPAT-A4.pdf | T51: PMO3SPATGL44_SEPAT-A4.pdf | U51: =IF(S51=T51,"Yes","No") -> Yes | W51: Uploads\7f483fa6-066d-41a7-b110-216cd556479b.pdf | X51: =IF(COUNTIF('MyWells Drilling Comp'!F:F,E51)=0,"Missing","Exist") -> Exist
A52: Mursyid | B52: Yes | C52: 4ECE03FF-0ED8-45C6-BCE9-6C255919C5C1 | D52: 65C02843-ACE7-4E11-B4E5-08FB22C2C2D1 | E52: BUNGA ANGGERIK A-4(C) | F52: 6E07F49E-1879-4A82-AF07-B0AFFB59D796 | G52: 1 | H52: NOOP | I52: application/pdf | J52: NULL | K52: NULL | L52: NULL | M52: NULL | N52: NULL | O52: NULL | P52: 1 | Q52: NULL | R52: 0 | S52: NOOP - BAA_4C and 3E_Rev0_Final.pdf | T52: NOOP - BAA_4C and 3E_Rev0_Final.pdf | U52: =IF(S52=T52,"Yes","No") -> Yes | W52: Uploads\6e07f49e-1879-4a82-af07-b0affb59d796.pdf | X52: =IF(COUNTIF('MyWells Drilling Comp'!F:F,E52)=0,"Missing","Exist") -> Exist
A53: Mursyid | B53: Yes | C53: E41DF2D7-27C0-4D9D-A041-03C5A0A9D95C | D53: 65C02843-ACE7-4E11-B4E5-08FB22C2C2D1 | E53: BUNGA ANGGERIK A-4(C) | F53: 91609D82-5AB0-490E-B2D7-1068D091DDE5 | G53: 1 | H53: FWR | I53: application/pdf | J53: NULL | K53: NULL | L53: NULL | M53: NULL | N53: NULL | O53: NULL | P53: 1 | Q53: NULL | R53: 0 | S53: NMB-DRI-RPT-01174.pdf | T53: NMB-DRI-RPT-01174.pdf | U53: =IF(S53=T53,"Yes","No") -> Yes | W53: Uploads\91609d82-5ab0-490e-b2d7-1068d091dde5.pdf | X53: =IF(COUNTIF('MyWells Drilling Comp'!F:F,E53)=0,"Missing","Exist") -> Exist
A54: Mursyid | B54: Yes | C54: 172B7A70-8233-4C32-ABC8-88D61A519E60 | D54: DCB9EA9A-6672-4E1F-AE2A-0946E9A5D490 | E54: SERAWA-1 | F54: A0918E0E-084F-4020-8CB2-82672D1457D4 | G54: 1 | H54: NOOP | I54: application/pdf | J54: NULL | K54: NULL | L54: NULL | M54: NULL | N54: NULL | O54: NULL | P54: 1 | Q54: NULL | R54: 0 | S54: SERAWA-1_NOOP_Internal.pdf | T54: SERAWA-1_NOOP_Internal.pdf | U54: =IF(S54=T54,"Yes","No") -> Yes | W54: Uploads\a0918e0e-084f-4020-8cb2-82672d1457d4.pdf | X54: =IF(COUNTIF('MyWells Drilling Comp'!F:F,E54)=0,"Missing","Exist") -> Exist
A55: Mursyid | B55: Yes | C55: 97D93545-8C29-4ABC-9EC4-E98E30993431 | D55: DCB9EA9A-6672-4E1F-AE2A-0946E9A5D490 | E55: SERAWA-1 | F55: 2092F69F-3526-498F-827A-735FEF7CC4F9 | G55: 1 | H55: FWR | I55: application/pdf | J55: NULL | K55: NULL | L55: NULL | M55: NULL | N55: NULL | O55: NULL | P55: 1 | Q55: NULL | R55: 0 | S55: SERAWA-1 FWR ALFIAN SIGNED.pdf | T55: SERAWA-1 FWR ALFIAN SIGNED.pdf | U55: =IF(S55=T55,"Yes","No") -> Yes | W55: Uploads\2092f69f-3526-498f-827a-735fef7cc4f9.pdf | X55: =IF(COUNTIF('MyWells Drilling Comp'!F:F,E55)=0,"Missing","Exist") -> Exist
A56: Mursyid | B56: Yes | C56: D7336E90-BE91-480E-A79D-FC0759B5A6C1 | D56: 1D9CA263-7677-4D36-BCAF-095C8E03B23E | E56: EC-A06 | F56: 60E61C03-6403-49A4-AE5E-C0D1BAB93A08 | G56: 1 | H56: NOOP | I56: application/pdf | J56: NULL | K56: NULL | L56: NULL | M56: NULL | N56: NULL | O56: NULL | P56: 1 | Q56: NULL | R56: 0 | S56: ECN-GEN-D-0004_Rev00 NOOP WELL EC-A06 (Slot 3A ECW-A Platform) Rev 00 DS.pdf | T56: ECN-GEN-D-0004_Rev00 NOOP WELL EC-A06 (Slot 3A ECW-A Platform) Rev 00 DS.pdf | U56: =IF(S56=T56,"Yes","No") -> Yes | W56: Uploads\60e61c03-6403-49a4-ae5e-c0d1bab93a08.pdf | X56: =IF(COUNTIF('MyWells Drilling Comp'!F:F,E56)=0,"Missing","Exist") -> Exist
A57: Mursyid | B57: Yes | C57: F829C46B-07AB-467E-8F3A-634CC86E6D2D | D57: 1D9CA263-7677-4D36-BCAF-095C8E03B23E | E57: EC-A06 | F57: 30B42411-1683-4893-8FDA-05B766470F79 | G57: 1 | H57: FWR | I57: application/pdf | J57: NULL | K57: NULL | L57: NULL | M57: NULL | N57: NULL | O57: NULL | P57: 1 | Q57: NULL | R57: 0 | S57: EC-A06 Final Well Report (Final).pdf | T57: EC-A06 Final Well Report (Final).pdf | U57: =IF(S57=T57,"Yes","No") -> Yes | W57: Uploads\30b42411-1683-4893-8fda-05b766470f79.pdf | X57: =IF(COUNTIF('MyWells Drilling Comp'!F:F,E57)=0,"Missing","Exist") -> Exist
... A83: Mursyid | B83: Yes | C83: CC68727C-A2A1-4C1A-817B-6CCE2FDE7839 | D83: C05A392C-B2EA-43D3-8F55-0D02C275CBE6 | E83: GK-W721C | F83: 6996B6AF-57B4-411D-AB15-CC4C8C834756 | G83: 1 | H83: NOOP | I83: application/pdf | J83: NULL | K83: NULL | L83: NULL | M83: NULL | N83: NULL | O83: NULL | P83: 1 | Q83: NULL | R83: 0 | S83: GK-W721C NOOP.pdf | T83: GK-W721C NOOP.pdf | U83: =IF(S83=T83,"Yes","No") -> Yes | W83: Uploads\6996b6af-57b4-411d-ab15-cc4c8c834756.pdf | X83: =IF(COUNTIF('MyWells Drilling Comp'!F:F,E83)=0,"Missing","Exist") -> Exist
A84: Mursyid | B84: Yes | C84: BE200A28-1668-402A-9DFE-CE35517A2A18 | D84: 58CE1F1C-5C0E-45CF-B89C-0D32CF989AEC | E84: EAST BELUMUT A-10 ST1 | F84: 88367B35-C598-48BC-B9CA-6E8728BCF29B | G84: 1 | H84: NOOP | I84: application/pdf | J84: NULL | K84: NULL | L84: NULL | M84: NULL | N84: NULL | O84: NULL | P84: 1 | Q84: NULL | R84: 0 | S84: EBA10ST1 NOOP.pdf | U84: =IF(S84=T84,"Yes","No") -> No | W84: Uploads\88367b35-c598-48bc-b9ca-6e8728bcf29b.pdf | X84: =IF(COUNTIF('MyWells Drilling Comp'!F:F,E84)=0,"Missing","Exist") -> Exist
A85: Mursyid | B85: Yes | C85: CFD0CE73-F519-40BE-B256-C83F144395E0 | D85: 58CE1F1C-5C0E-45CF-B89C-0D32CF989AEC | E85: EAST BELUMUT A-10 ST1 | F85: C684E8FF-D7A0-457B-AE12-ED2736873A10 | G85: 1 | H85: FWR | I85: application/pdf | J85: NULL | K85: NULL | L85: NULL | M85: NULL | N85: NULL | O85: NULL | P85: 1 | Q85: NULL | R85: 0 | S85: EBA-10ST1 FWR_SOMV.pdf | U85: =IF(S85=T85,"Yes","No") -> No | W85: Uploads\c684e8ff-d7a0-457b-ae12-ed2736873a10.pdf | X85: =IF(COUNTIF('MyWells Drilling Comp'!F:F,E85)=0,"Missing","Exist") -> Exist
A86: Mursyid | B86: Yes | C86: 8412839E-EB89-4345-AA49-E3923EABCDCB | D86: 2D8C210A-CD05-4ED9-804D-0D44A3D7A384 | E86: D21-A7ST1 | F86: 94B4A3DF-82D8-43B5-A704-3EBF180DC9BE | G86: 1 | H86: FWR | I86: application/pdf | J86: NULL | K86: NULL | L86: NULL | M86: NULL | N86: NULL | O86: NULL | P86: 1 | Q86: NULL | R86: 0 | S86: D21 U1ST1 (A7) EOWR.pdf | T86: D21 U1ST1 (A7) EOWR.pdf | U86: =IF(S86=T86,"Yes","No") -> Yes | W86: Uploads\94b4a3df-82d8-43b5-a704-3ebf180dc9be.pdf | X86: =IF(COUNTIF('MyWells Drilling Comp'!F:F,E86)=0,"Missing","Exist") -> Exist
A87: Mursyid | B87: Yes | C87: FE370956-3921-43D4-AE0D-02187DC69EE6 | D87: 2D8C210A-CD05-4ED9-804D-0D44A3D7A384 | E87: D21-A7ST1 | F87: 977F599D-4EED-41D5-9468-DB08910B95BF | G87: 1 | H87: NOOP | I87: application/pdf | J87: NULL | K87: NULL | L87: NULL | M87: NULL | N87: NULL | O87: NULL | P87: 1 | Q87: NULL | R87: 0 | S87: D21-C2A-FB3 (D21-A7)NOOP.pdf | U87: =IF(S87=T87,"Yes","No") -> No | W87: Uploads\977f599d-4eed-41d5-9468-db08910b95bf.pdf | X87: =IF(COUNTIF('MyWells Drilling Comp'!F:F,E87)=0,"Missing","Exist") -> Exist
A88: Mursyid | B88: Yes | C88: 7089545A-2575-46D9-A058-4D91E180A936 | D88: 7274F7BD-E2AD-45E9-B7C4-0E1A960E53EA | E88: KERANJI-1 | F88: DB7ECE0A-FB2D-4573-BC90-3BA18DDE31FE | G88: 1 | H88: FWR | I88: application/pdf | J88: NULL | K88: NULL | L88: NULL | M88: NULL | N88: NULL | O88: NULL | P88: 1 | Q88: NULL | R88: 0 | S88: PMO3KNJIGL6274_KERANJI-1_FWR.pdf | T88: PMO3KNJIGL6274_KERANJI-1_FWR.pdf | U88: =IF(S88=T88,"Yes","No") -> Yes | W88: Uploads\db7ece0a-fb2d-4573-bc90-3ba18dde31fe.pdf | X88: =IF(COUNTIF('MyWells Drilling Comp'!F:F,E88)=0,"Missing","Exist") -> Exist
A89: Mursyid | B89: Yes | C89: 855AC8E8-CA9F-4361-A658-B9123ECCF434 | D89: 7274F7BD-E2AD-45E9-B7C4-0E1A960E53EA | E89: KERANJI-1 | F89: E6DC9DE2-51B0-4464-8879-AF5E18027EA7 | G89: 1 | H89: NOOP | I89: application/pdf | J89: NULL | K89: NULL | L89: NULL | M89: NULL | N89: NULL | O89: NULL | P89: 1 | Q89: NULL | R89: 0 | S89: Keranji-1 Notice of Operation (NOOP)_C1_signed_WGS.pdf | T89: Keranji-1 Notice of Operation (NOOP)_C1_signed_WGS.pdf | U89: =IF(S89=T89,"Yes","No") -> Yes | W89: Uploads\e6dc9de2-51b0-4464-8879-af5e18027ea7.pdf | X89: =IF(COUNTIF('MyWells Drilling Comp'!F:F,E89)=0,"Missing","Exist") -> Exist
A90: Mursyid | B90: Yes | C90: BCF23954-3DDE-48BF-9F6A-C8C1D8617DC3 | D90: 72545402-E934-4905-8407-0E38DABC371B | E90: KALUNG EMAS-1 | F90: 6E2455E0-217F-4A4F-A358-9E932A00601A | G90: 1 | H90: NOOP | I90: application/pdf | J90: NULL | K90: NULL | L90: NULL | M90: NULL | N90: NULL | O90: NULL | P90: 1 | Q90: NULL | R90: 0 | S90: Kalung Emas-1 NOOP - SK315 (2023).pdf | T90: Kalung Emas-1 NOOP - SK315 (2023).pdf | U90: =IF(S90=T90,"Yes","No") -> Yes | W90: Uploads\6e2455e0-217f-4a4f-a358-9e932a00601a.pdf | X90: =IF(COUNTIF('MyWells Drilling Comp'!F:F,E90)=0,"Missing","Exist") -> Exist
A91: Mursyid | B91: Yes | C91: 8462A360-DA7D-4D0A-808E-487255BE818D | D91: 72545402-E934-4905-8407-0E38DABC371B | E91: KALUNG EMAS-1 | F91: 792B5EB9-DB98-47EA-8B5A-88C392E76941 | G91: 1 | H91: FWR | I91: application/pdf | J91: NULL | K91: NULL | L91: NULL | M91: NULL | N91: NULL | O91: NULL | P91: 1 | Q91: NULL | R91: 0 | S91: Kalung Emas-1 Final Well Report.pdf | T91: Kalung Emas-1 Final Well Report.pdf | U91: =IF(S91=T91,"Yes","No") -> Yes | W91: Uploads\792b5eb9-db98-47ea-8b5a-88c392e76941.pdf | X91: =IF(COUNTIF('MyWells Drilling Comp'!F:F,E91)=0,"Missing","Exist") -> Exist
A92: Mursyid | B92: Yes | C92: 07B7DE95-C290-4ADF-939B-0984F2FC8F19 | D92: 10018C77-4BE1-43E4-B058-0E3D77C1FD13 | E92: RESAK-A19 | F92: 1BF54ED1-3F5A-4497-965A-5212D2913883 | G92: 1 | H92: NOOP | I92: application/pdf | J92: NULL | K92: NULL | L92: NULL | M92: NULL | N92: NULL | O92: NULL | P92: 1 | Q92: NULL | R92: 0 | S92: PMO3RESKWS3C_RESAK_A19.pdf | T92: PMO3RESKWS3C_RESAK_A19.pdf | U92: =IF(S92=T92,"Yes","No") -> Yes | W92: Uploads\1bf54ed1-3f5a-4497-965a-5212d2913883.pdf | X92: =IF(COUNTIF('MyWells Drilling Comp'!F:F,E92)=0,"Missing","Exist") -> Exist
A93: Mursyid | B93: Yes | C93: E6060644-CB89-4F02-AAF3-7B8356D98598 | D93: 10018C77-4BE1-43E4-B058-0E3D77C1FD13 | E93: RESAK-A19 | F93: 2644175F-56D8-4C63-9BC9-2666253A6597 | G93: 1 | H93: FWR | I93: application/pdf | J93: NULL | K93: NULL | L93: NULL | M93: NULL | N93: NULL | O93: NULL | P93: 1 | Q93: NULL | R93: 0 | S93: PMO3RESKWS3H_RESAK_A19.pdf | T93: PMO3RESKWS3H_RESAK_A19.pdf | U93: =IF(S93=T93,"Yes","No") -> Yes | W93: Uploads\2644175f-56d8-4c63-9bc9-2666253a6597.pdf | X93: =IF(COUNTIF('MyWells Drilling Comp'!F:F,E93)=0,"Missing","Exist") -> Exist
A94: Mursyid | B94: Yes | C94: 29990A66-9FDA-483D-86CB-935E4448126F | D94: B9C0218C-C674-4B3B-BF3B-0E564F158392 | E94: BUJANG-7 | F94: 1CC6570A-70A5-4655-B585-3239D4F874AB | G94: 1 | H94: FWR | I94: application/pdf | J94: NULL | K94: NULL | L94: NULL | M94: NULL | N94: NULL | O94: NULL | P94: 1 | Q94: NULL | R94: 0 | S94: PMO3BUJGWS51_BUJANG-7_FWR.pdf | T94: PMO3BUJGWS51_BUJANG-7_FWR.pdf | U94: =IF(S94=T94,"Yes","No") -> Yes | W94: Uploads\1cc6570a-70a5-4655-b585-3239d4f874ab.pdf | X94: =IF(COUNTIF('MyWells Drilling Comp'!F:F,E94)=0,"Missing","Exist") -> Exist
A95: Mursyid | B95: Yes | C95: 7CE09D66-CF86-4A2F-BE33-02EA6307CC24 | D95: B9C0218C-C674-4B3B-BF3B-0E564F158392 | E95: BUJANG-7 | F95: 05C8B027-F774-4DDD-832F-A868B9395F4A | G95: 1 | H95: NOOP | I95: application/pdf | J95: NULL | K95: NULL | L95: NULL | M95: NULL | N95: NULL | O95: NULL | P95: 1 | Q95: NULL | R95: 0 | S95: PMO3BUJGWS47_BUJANG-7_PCSB_NOOP.pdf | T95: PMO3BUJGWS47_BUJANG-7_PCSB_NOOP.pdf | U95: =IF(S95=T95,"Yes","No") -> Yes | W95: Uploads\05c8b027-f774-4ddd-832f-a868b9395f4a.pdf | X95: =IF(COUNTIF('MyWells Drilling Comp'!F:F,E95)=0,"Missing","Exist") -> Exist
A96: Mursyid | B96: Yes | C96: 6F4CFDC8-C746-43D4-8D5E-C22A4230278D | D96: 612FB073-5C1D-4A68-9C56-0F6D89697212 | E96: SASA-19 | F96: 585D60EB-34A7-4E9F-BBBF-BB5886BC57FA | G96: 1 | H96: NOOP | I96: application/pdf | J96: NULL | K96: NULL | L96: NULL | M96: NULL | N96: NULL | O96: NULL | P96: 1 | Q96: NULL | R96: 0 | S96: SASA 19nST NOOP- Rev1 (Compacted) (2).pdf | U96: =IF(S96=T96,"Yes","No") -> No | W96: Uploads\585d60eb-34a7-4e9f-bbbf-bb5886bc57fa.pdf | X96: =IF(COUNTIF('MyWells Drilling Comp'!F:F,E96)=0,"Missing","Exist") -> Exist
A97: Mursyid | B97: Yes | C97: 648AD323-63C3-42AC-B3C7-F67AAEFE61BF | D97: 612FB073-5C1D-4A68-9C56-0F6D89697212 | E97: SASA-19 | F97: 542BB74D-E588-4DEA-9C74-8BC3C1C46753 | G97: 1 | H97: FWR | I97: application/pdf | J97: NULL | K97: NULL | L97: NULL | M97: NULL | N97: NULL | O97: NULL | P97: 1 | Q97: NULL | R97: 0 | S97: SASA-19_19ST1 EOWR.pdf | T97: SASA-19_19ST1 EOWR.pdf | U97: =IF(S97=T97,"Yes","No") -> Yes | W97: Uploads\542bb74d-e588-4dea-9c74-8bc3c1c46753.pdf | X97: =IF(COUNTIF('MyWells Drilling Comp'!F:F,E97)=0,"Missing","Exist") -> Exist
A98: Mursyid | B98: Yes | C98: 81848184-14E1-4C37-93C0-FEC536A80158 | D98: B5F16F5B-C55D-44A1-B62C-0FD07C95858F | E98: KESIDANG-2 | F98: 55F4CBF8-4317-420C-8ABB-8FAAE202C8B0 | G98: 1 | H98: FWR | I98: application/pdf | J98: NULL | K98: NULL | L98: NULL | M98: NULL | N98: NULL | O98: NULL | P98: 1 | Q98: NULL | R98: 0 | S98: SK408 Kesidang-1 End of Well Report_SOMV.pdf | T98: SK408 Kesidang-1 End of Well Report.pdf | U98: =IF(S98=T98,"Yes","No") -> No | W98: Uploads\55f4cbf8-4317-420c-8abb-8faae202c8b0.pdf | X98: =IF(COUNTIF('MyWells Drilling Comp'!F:F,E98)=0,"Missing","Exist") -> Exist
A99: Mursyid | B99: Yes | C99: 592A0430-A732-4A11-853B-4CEC8A954E51 | D99: B5F16F5B-C55D-44A1-B62C-0FD07C95858F | E99: KESIDANG-2 | F99: 7BB65CD3-33CF-4888-9722-B5536E361E33 | G99: 1 | H99: NOOP | I99: application/pdf | J99: NULL | K99: NULL | L99: NULL | M99: NULL | N99: NULL | O99: NULL | P99: 1 | Q99: NULL | R99: 0 | S99: Kesidang-1 NOOP_Oct 2019_signed_SOMV.pdf | U99: =IF(S99=T99,"Yes","No") -> No | W99: Uploads\7bb65cd3-33cf-4888-9722-b5536e361e33.pdf | X99: =IF(COUNTIF('MyWells Drilling Comp'!F:F,E99)=0,"Missing","Exist") -> Exist
A100: Mursyid | B100: Yes | C100: 06E8C015-8C2D-4F84-8C24-4548BA770121 | D100: 1F0B8FC3-A4EA-44C4-95F2-108CA75CAE46 | E100: BO-208ST | F100: 4251C55E-1553-4D02-B4AE-FAD75C986AC6 | G100: 1 | H100: NOOP | I100: application/pdf | J100: NULL | K100: NULL | L100: NULL | M100: NULL | N100: NULL | O100: NULL | P100: 1 | Q100: NULL | R100: 0 | S100: BO-B208ST NOOP.pdf | T100: BO-B208ST NOOP.pdf | U100: =IF(S100=T100,"Yes","No") -> Yes | W100: Uploads\4251c55e-1553-4d02-b4ae-fad75c986ac6.pdf | X100: =IF(COUNTIF('MyWells Drilling Comp'!F:F,E100)=0,"Missing","Exist") -> Exist
A101: Mursyid | B101: Yes | C101: 442D0704-88F6-4144-8AF6-A081EED77972 | D101: 1F0B8FC3-A4EA-44C4-95F2-108CA75CAE46 | E101: BO-208ST | F101: C9C83E91-E306-47EF-8096-2F537BB5F2C7 | G101: 1 | H101: FWR | I101: application/pdf | J101: NULL | K101: NULL | L101: NULL | M101: NULL | N101: NULL | O101: NULL | P101: 1 | Q101: NULL | R101: 0 | S101: BO 208 ST FWR.pdf | U101: =IF(S101=T101,"Yes","No") -> No | W101: Uploads\c9c83e91-e306-47ef-8096-2f537bb5f2c7.pdf | X101: =IF(COUNTIF('MyWells Drilling Comp'!F:F,E101)=0,"Missing","Exist") -> Exist
A102: Mursyid | B102: Yes | C102: 42A5D44E-D673-478A-BB37-2C365A18EF8D | D102: 249FCBA4-82A7-4B10-A96E-10B0B469A066 | E102: LANGSAT-1 | F102: 5B8C099F-B0AF-4022-9B38-5260F1BBE904 | G102: 1 | H102: FWR | I102: application/pdf | J102: NULL | K102: NULL | L102: NULL | M102: NULL | N102: NULL | O102: NULL | P102: 1 | Q102: NULL | R102: 0 | S102: Langsat-1 End of Well Report.pdf | T102: Langsat-1 End of Well Report.pdf | U102: =IF(S102=T102,"Yes","No") -> Yes | W102: Uploads\5b8c099f-b0af-4022-9b38-5260f1bbe904.pdf | X102: =IF(COUNTIF('MyWells Drilling Comp'!F:F,E102)=0,"Missing","Exist") -> Exist
A103: Mursyid | B103: Yes | C103: B9DD0AA8-F9B3-41AB-9D56-CA31673EA9FE | D103: 249FCBA4-82A7-4B10-A96E-10B0B469A066 | E103: LANGSAT-1 | F103: F3C83F05-C010-4F18-85E9-654A614685FE | G103: 1 | H103: NOOP | I103: application/pdf | J103: NULL | K103: NULL | L103: NULL | M103: NULL | N103: NULL | O103: NULL | P103: 1 | Q103: NULL | R103: 0 | S103: Langsat-1 NOOP _Final.pdf | T103: Langsat-1 NOOP _Final.pdf | U103: =IF(S103=T103,"Yes","No") -> Yes | W103: Uploads\f3c83f05-c010-4f18-85e9-654a614685fe.pdf | X103: =IF(COUNTIF('MyWells Drilling Comp'!F:F,E103)=0,"Missing","Exist") -> Exist
A104: Mursyid | B104: Yes | C104: 5B48B7F7-8C85-4EAD-A73D-C227817A49A5 | D104: 6D4DFCED-7CA6-46A9-8B18-11F5BC967ED2 | E104: ZUHAL NORTH - 1 | F104: B21AF505-3B8D-4311-972B-29CD186FD175 | G104: 1 | H104: NOOP | I104: application/pdf | J104: NULL | K104: NULL | L104: NULL | M104: NULL | N104: NULL | O104: NULL | P104: 1 | Q104: NULL | R104: 0 | S104: SBO3ZUHNGL01_ZUHAL NORTH-1.pdf | T104: SBO3ZUHNGL01_ZUHAL NORTH-1.pdf | U104: =IF(S104=T104,"Yes","No") -> Yes | W104: Uploads\b21af505-3b8d-4311-972b-29cd186fd175.pdf | X104: =IF(COUNTIF('MyWells Drilling Comp'!F:F,E104)=0,"Missing","Exist") -> Exist
A105: Mursyid | B105: Yes | C105: 90C01E4B-0B44-4A93-8B45-9E622C7B53C6 | D105: 6D4DFCED-7CA6-46A9-8B18-11F5BC967ED2 | E105: ZUHAL NORTH - 1 | F105: 67657DEB-AE93-4217-A8D6-785980F15472 | G105: 1 | H105: FWR | I105: application/pdf | J105: NULL | K105: NULL | L105: NULL | M105: NULL | N105: NULL | O105: NULL | P105: 1 | Q105: NULL | R105: 0 | S105: SBO3ZUHNWS05_ZUHAL NORTH-1.pdf | T105: SBO3ZUHNWS05_ZUHAL NORTH-1.pdf | U105: =IF(S105=T105,"Yes","No") -> Yes | W105: Uploads\67657deb-ae93-4217-a8d6-785980f15472.pdf | X105: =IF(COUNTIF('MyWells Drilling Comp'!F:F,E105)=0,"Missing","Exist") -> Exist
A106: Mursyid | B106: Yes | C106: 9D50A38A-42BE-4388-8FA3-9E6E3385CA07 | D106: 0589C3C7-6DC2-465C-9F58-12C6A5555B30 | E106: D35-215ST1 | F106: E129C284-6364-476B-8E3D-E4DA086AFE72 | G106: 1 | H106: NOOP | I106: application/pdf | J106: NULL | K106: NULL | L106: NULL | M106: NULL | N106: NULL | O106: NULL | P106: 1 | Q106: NULL | R106: 0 | S106: D35B-215ST1 NOOP_signed.pdf | T106: D35B-215ST1 NOOP_signed.pdf | U106: =IF(S106=T106,"Yes","No") -> Yes | W106: Uploads\e129c284-6364-476b-8e3d-e4da086afe72.pdf | X106: =IF(COUNTIF('MyWells Drilling Comp'!F:F,E106)=0,"Missing","Exist") -> Exist
A107: Mursyid | B107: Yes | C107: AA82B3B3-A785-41E0-A149-A3B6805839A4 | D107: 0589C3C7-6DC2-465C-9F58-12C6A5555B30 | E107: D35-215ST1 | F107: C6C74C8B-3424-42C0-AC9C-C20BAF273829 | G107: 1 | H107: FWR | I107: application/pdf | J107: NULL | K107: NULL | L107: NULL | M107: NULL | N107: NULL | O107: NULL | P107: 1 | Q107: NULL | R107: 0 | S107: D35B-215ST1 EOWR - 1.pdf | T107: D35B-215ST1 EOWR - 1.pdf | U107: =IF(S107=T107,"Yes","No") -> Yes | W107: Uploads\c6c74c8b-3424-42c0-ac9c-c20baf273829.pdf | X107: =IF(COUNTIF('MyWells Drilling Comp'!F:F,E107)=0,"Missing","Exist") -> Exist
A108: Mursyid | B108: Yes | C108: 4E3DE9FE-39BE-4665-B401-A1992A44A222 | D108: 7EEF8196-E443-481C-AA6C-12D2516EF957 | E108: BN-78 | F108: 05CD3DC7-EC5A-43F4-9360-1DE175EB6390 | G108: 1 | H108: NOOP | I108: application/pdf | J108: NULL | K108: NULL | L108: NULL | M108: NULL | N108: NULL | O108: NULL | P108: 1 | Q108: NULL | R108: 0 | S108: NOOP BN-78 Final (Internal) Rev1.pdf | T108: NOOP BN-78 Final (Internal) Rev1.pdf | U108: =IF(S108=T108,"Yes","No") -> Yes | W108: Uploads\05cd3dc7-ec5a-43f4-9360-1de175eb6390.pdf | X108: =IF(COUNTIF('MyWells Drilling Comp'!F:F,E108)=0,"Missing","Exist") -> Exist
A109: Mursyid | B109: Yes | C109: BC1368A4-4EFE-446A-9042-C89AC552C4F8 | D109: 7EEF8196-E443-481C-AA6C-12D2516EF957 | E109: BN-78 | F109: 82B0047A-3C50-476F-8896-CBB27A793BEA | G109: 1 | H109: FWR | I109: application/pdf | J109: NULL | K109: NULL | L109: NULL | M109: NULL | N109: NULL | O109: NULL | P109: 1 | Q109: NULL | R109: 0 | S109: BN78_0_Final Well Report.pdf | T109: BN78_0_Final Well Report.pdf | U109: =IF(S109=T109,"Yes","No") -> Yes | W109: Uploads\82b0047a-3c50-476f-8896-cbb27a793bea.pdf | X109: =IF(COUNTIF('MyWells Drilling Comp'!F:F,E109)=0,"Missing","Exist") -> Exist
A110: Mursyid | B110: Yes | C110: 5304CED2-DA81-4B63-9E72-21E0083C21E5 | D110: C888CEDE-6448-4BC7-A453-13AE10AE14B2 | E110: E06-101 | F110: 4A5C16D5-509A-4DE7-9E21-91D9F9D9E379 | G110: 1 | H110: NOOP | I110: application/pdf | J110: NULL | K110: NULL | L110: NULL | M110: NULL | N110: NULL | O110: NULL | P110: 1 | Q110: NULL | R110: 0 | S110: E06-101 (N2) NOOP Rev2.pdf | T110: E06-101 (N2) NOOP Rev2.pdf | U110: =IF(S110=T110,"Yes","No") -> Yes | W110: Uploads\4a5c16d5-509a-4de7-9e21-91d9f9d9e379.pdf | X110: =IF(COUNTIF('MyWells Drilling Comp'!F:F,E110)=0,"Missing","Exist") -> Exist
A111: Mursyid | B111: Yes | C111: D703DF48-ADEA-497E-9BF8-4BDDD6DC9622 | D111: C888CEDE-6448-4BC7-A453-13AE10AE14B2 | E111: E06-101 | F111: 0B317304-B3E6-47CE-93E3-2CB56E7B277D | G111: 1 | H111: FWR | I111: application/pdf | J111: NULL | K111: NULL | L111: NULL | M111: NULL | N111: NULL | O111: NULL | P111: 1 | Q111: NULL | R111: 0 | S111: E06-101 End of Well Report Final.pdf | T111: E06-101 End of Well Report Final.pdf | U111: =IF(S111=T111,"Yes","No") -> Yes | W111: Uploads\0b317304-b3e6-47ce-93e3-2cb56e7b277d.pdf | X111: =IF(COUNTIF('MyWells Drilling Comp'!F:F,E111)=0,"Missing","Exist") -> Exist
A112: Mursyid | B112: Yes | C112: 664B00B8-8A44-454E-AE65-ACEF35C74671 | D112: A17216D9-C1A2-4435-B86B-13EF8133CCD8 | E112: KMSE-A04 | F112: 3EC6BB5D-9BE1-45A6-9EB2-1731EAD24883 | G112: 1 | H112: NOOP | I112: application/pdf | J112: NULL | K112: NULL | L112: NULL | M112: NULL | N112: NULL | O112: NULL | P112: 1 | Q112: NULL | R112: 0 | S112: KMSE-A04 (NOOP) Rev.0.pdf | T112: KMSE-A04 (NOOP) Rev.0.pdf | U112: =IF(S112=T112,"Yes","No") -> Yes | W112: Uploads\3ec6bb5d-9be1-45a6-9eb2-1731ead24883.pdf | X112: =IF(COUNTIF('MyWells Drilling Comp'!F:F,E112)=0,"Missing","Exist") -> Exist
A113: Mursyid | B113: Yes | C113: E606A6BD-05C0-4CD4-B5D2-82810967AEF7 | D113: A17216D9-C1A2-4435-B86B-13EF8133CCD8 | E113: KMSE-A04 | F113: 8219E229-7D53-4C7A-B5BA-71992D4B8992 | G113: 1 | H113: FWR | I113: application/pdf | J113: NULL | K113: NULL | L113: NULL | M113: NULL | N113: NULL | O113: NULL | P113: 1 | Q113: NULL | R113: 0 | S113: KMSE-A04 Final Well Report (1).pdf | T113: KMSE-A04 Final Well Report (1).pdf | U113: =IF(S113=T113,"Yes","No") -> Yes | W113: Uploads\8219e229-7d53-4c7a-b5ba-71992d4b8992.pdf | X113: =IF(COUNTIF('MyWells Drilling Comp'!F:F,E113)=0,"Missing","Exist") -> Exist
... A133: Mursyid | B133: Yes | C133: 798E198A-3B06-4D58-88D4-31A1AEB27A58 | D133: 721BB7AC-D529-46C1-8581-15D559367D49 | E133: SEPA-12 | F133: 3493ECEC-3CF9-4106-8C65-CF0C276174B2 | G133: 1 | H133: NOOP | I133: application/pdf | J133: NULL | K133: NULL | L133: NULL | M133: NULL | N133: NULL | O133: NULL | P133: 1 | Q133: NULL | R133: 0 | S133: NOOP SEPA-10,SEPA-12.pdf | T133: NOOP SEPA-10,SEPA-12.pdf | U133: =IF(S133=T133,"Yes","No") -> Yes | W133: Uploads\3493ecec-3cf9-4106-8c65-cf0c276174b2.pdf | X133: =IF(COUNTIF('MyWells Drilling Comp'!F:F,E133)=0,"Missing","Exist") -> Exist
A134: Mursyid | B134: Yes | C134: 38FCBE81-0A7E-4A3B-87F4-447D49AF4B4B | D134: A2754879-793A-4FC5-9ECE-16526DFEFC7E | E134: EAST BELUMUT A-13 ST2 | F134: B8BE4952-68C2-4F87-A387-1DAF6B88029C | G134: 1 | H134: FWR | I134: application/pdf | J134: NULL | K134: NULL | L134: NULL | M134: NULL | N134: NULL | O134: NULL | P134: 1 | Q134: NULL | R134: 0 | S134: EBA-13ST2 FWR Final.pdf | U134: =IF(S134=T134,"Yes","No") -> No | W134: Uploads\b8be4952-68c2-4f87-a387-1daf6b88029c.pdf | X134: =IF(COUNTIF('MyWells Drilling Comp'!F:F,E134)=0,"Missing","Exist") -> Exist
A135: Mursyid | B135: Yes | C135: 0BA3F808-266F-4FC6-8600-0FA6959A90F7 | D135: A2754879-793A-4FC5-9ECE-16526DFEFC7E | E135: EAST BELUMUT A-13 ST2 | F135: 20DECB29-22D0-4FC7-AAE3-B56DD1B6A1CD | G135: 1 | H135: NOOP | I135: application/pdf | J135: NULL | K135: NULL | L135: NULL | M135: NULL | N135: NULL | O135: NULL | P135: 1 | Q135: NULL | R135: 0 | S135: EBA13ST2 NOOP.pdf | U135: =IF(S135=T135,"Yes","No") -> No | W135: Uploads\20decb29-22d0-4fc7-aae3-b56dd1b6a1cd.pdf | X135: =IF(COUNTIF('MyWells Drilling Comp'!F:F,E135)=0,"Missing","Exist") -> Exist
A136: Mursyid | B136: Yes | C136: C292CF5A-641C-45D3-A672-0AD96DFBCFD7 | D136: D096C26F-6123-4C02-AC7C-166615DC47E1 | E136: MLK-116 | F136: 5D724888-6161-4D76-AECE-56E43BA0792F | G136: 1 | H136: FWR | I136: application/pdf | J136: NULL | K136: NULL | L136: NULL | M136: NULL | N136: NULL | O136: NULL | P136: 1 | Q136: NULL | R136: 0 | S136: MLK-116 EOWR Final 201117.pdf | T136: MLK-116 EOWR Final 201117.pdf | U136: =IF(S136=T136,"Yes","No") -> Yes | W136: Uploads\5d724888-6161-4d76-aece-56e43ba0792f.pdf | X136: =IF(COUNTIF('MyWells Drilling Comp'!F:F,E136)=0,"Missing","Exist") -> Missing
A137: Mursyid | B137: Yes | C137: 4A6ACA88-FE9C-4309-8516-5904204880D8 | D137: D096C26F-6123-4C02-AC7C-166615DC47E1 | E137: MLK-116 | F137: B0F57192-080C-4BB1-8D4C-D6F284445DF3 | G137: 1 | H137: NOOP | I137: application/pdf | J137: NULL | K137: NULL | L137: NULL | M137: NULL | N137: NULL | O137: NULL | P137: 1 | Q137: NULL | R137: 0 | S137: SBO3MKAIGL22_MLK-116_SHELL_NOOP.pdf | T137: SBO3MKAIGL22_MLK-116_SHELL_NOOP.pdf | U137: =IF(S137=T137,"Yes","No") -> Yes | W137: Uploads\b0f57192-080c-4bb1-8d4c-d6f284445df3.pdf | X137: =IF(COUNTIF('MyWells Drilling Comp'!F:F,E137)=0,"Missing","Exist") -> Missing
A138: Mursyid | B138: Yes | C138: 9CDE0568-266B-4B0F-9B76-6A0DF4DA7CB3 | D138: B83D49E0-E860-4C5E-A8D0-173B8D7AF7F2 | E138: SNPA-13 | F138: 8EEDA14A-3C3D-4A6E-A49B-476DBA08487E | G138: 1 | H138: FWR | I138: application/pdf | J138: NULL | K138: NULL | L138: NULL | M138: NULL | N138: NULL | O138: NULL | P138: 1 | Q138: NULL | R138: 0 | S138: SKO3SRDHWS71_SNPA_13.pdf | T138: SKO3SRDHWS71_SNPA_13.pdf | U138: =IF(S138=T138,"Yes","No") -> Yes | W138: Uploads\8eeda14a-3c3d-4a6e-a49b-476dba08487e.pdf | X138: =IF(COUNTIF('MyWells Drilling Comp'!F:F,E138)=0,"Missing","Exist") -> Exist
A139: Mursyid | B139: Yes | C139: 6D0D80BF-4B8C-4207-A35C-AEAAC21E00F6 | D139: B83D49E0-E860-4C5E-A8D0-173B8D7AF7F2 | E139: SNPA-13 | F139: 6AD0BF61-1515-42B1-9F68-A2464C4A5FD9 | G139: 1 | H139: NOOP | I139: application/pdf | J139: NULL | K139: NULL | L139: NULL | M139: NULL | N139: NULL | O139: NULL | P139: 1 | Q139: NULL | R139: 0 | S139: MOM-SK309-72-DR-SOW-0005-00_NOOP for SNPA Dev Project Revisit 2 Phase II.pdf | T139: MOM-SK309-72-DR-SOW-0005-00_NOOP for SNPA Dev Project Revisit 2 Phase II.pdf | U139: =IF(S139=T139,"Yes","No") -> Yes | W139: Uploads\6ad0bf61-1515-42b1-9f68-a2464c4a5fd9.pdf | X139: =IF(COUNTIF('MyWells Drilling Comp'!F:F,E139)=0,"Missing","Exist") -> Exist
A140: Mursyid | B140: Yes | C140: E8E4DEB1-6AD6-4E99-ABDE-A7A46327EB65 | D140: 55D3100B-81B5-4D62-9B87-175A1BD14946 | E140: BUNGA DAHLIA A-1 | F140: 700CC823-4E64-4AE6-8CC0-5286D10B37ED | G140: 1 | H140: FWR | I140: application/pdf | J140: NULL | K140: NULL | L140: NULL | M140: NULL | N140: NULL | O140: NULL | P140: 1 | Q140: NULL | R140: 0 | S140: EOWR_BDL-A1 - final - signed.pdf | U140: =IF(S140=T140,"Yes","No") -> No | W140: Uploads\700cc823-4e64-4ae6-8cc0-5286d10b37ed.pdf | X140: =IF(COUNTIF('MyWells Drilling Comp'!F:F,E140)=0,"Missing","Exist") -> Exist
A141: Mursyid | B141: Yes | C141: 608C469E-FE1A-46F0-A1A7-CCEED732B98F | D141: 55D3100B-81B5-4D62-9B87-175A1BD14946 | E141: BUNGA DAHLIA A-1 | F141: F81FA9C3-5895-4E35-8F20-4C2045253EFF | G141: 1 | H141: NOOP | I141: application/pdf | J141: NULL | K141: NULL | L141: NULL | M141: NULL | N141: NULL | O141: NULL | P141: 1 | Q141: NULL | R141: 0 | S141: NOOP_Bunga Dahlia-A1_ BDL-A1.pdf | T141: NOOP_Bunga Dahlia-A1_ BDL-A1.pdf | U141: =IF(S141=T141,"Yes","No") -> Yes | W141: Uploads\f81fa9c3-5895-4e35-8f20-4c2045253eff.pdf | X141: =IF(COUNTIF('MyWells Drilling Comp'!F:F,E141)=0,"Missing","Exist") -> Exist
A142: Mursyid | B142: Yes | C142: 68E42185-47FB-4775-A3A0-E97CC82B5EE3 | D142: D3D88475-0467-410E-B708-17C8B7A22861 | E142: KENTAL-1 | F142: 89CCE446-E3E1-421F-BB05-208484D711B5 | G142: 1 | H142: FWR | I142: application/pdf | J142: NULL | K142: NULL | L142: NULL | M142: NULL | N142: NULL | O142: NULL | P142: 1 | Q142: NULL | R142: 0 | S142: SBO3KNTLWS05_KENTAL-1_PCSB_FWR.pdf | T142: SBO3KNTLWS05_KENTAL-1_PCSB_FWR.pdf | U142: =IF(S142=T142,"Yes","No") -> Yes | W142: Uploads\89cce446-e3e1-421f-bb05-208484d711b5.pdf | X142: =IF(COUNTIF('MyWells Drilling Comp'!F:F,E142)=0,"Missing","Exist") -> Exist
A143: Mursyid | B143: Yes | C143: B84FAA11-1DE5-49E3-90C3-3A2843CEADE9 | D143: D3D88475-0467-410E-B708-17C8B7A22861 | E143: KENTAL-1 | F143: 054A70F6-5B35-4960-9A88-E333D2654698 | G143: 1 | H143: NOOP | I143: application/pdf | J143: NULL | K143: NULL | L143: NULL | M143: NULL | N143: NULL | O143: NULL | P143: 1 | Q143: NULL | R143: 0 | S143: Kental-1-NOOP signed.pdf | T143: Kental-1-NOOP signed.pdf | U143: =IF(S143=T143,"Yes","No") -> Yes | W143: Uploads\054a70f6-5b35-4960-9a88-e333d2654698.pdf | X143: =IF(COUNTIF('MyWells Drilling Comp'!F:F,E143)=0,"Missing","Exist") -> Exist
A144: Mursyid | B144: Yes | C144: 10053987-9D43-41C5-A983-357A53D03FC3 | D144: A1CF9B37-CF17-4F60-9A5D-17ECF405C98C | E144: DULANG-B31ST1 | F144: 1FB3FA45-4471-4295-B1E1-723663460806 | G144: 1 | H144: NOOP | I144: application/pdf | J144: NULL | K144: NULL | L144: NULL | M144: NULL | N144: NULL | O144: NULL | P144: 1 | Q144: NULL | R144: 0 | S144: NOOP_Dulang B31ST1_(Internal Copy).pdf | T144: NOOP_Dulang B31ST1_(Internal Copy).pdf | U144: =IF(S144=T144,"Yes","No") -> Yes | W144: Uploads\1fb3fa45-4471-4295-b1e1-723663460806.pdf | X144: =IF(COUNTIF('MyWells Drilling Comp'!F:F,E144)=0,"Missing","Exist") -> Exist
A145: Mursyid | B145: Yes | C145: 50323378-8181-4EED-A7B2-19315A519966 | D145: A1CF9B37-CF17-4F60-9A5D-17ECF405C98C | E145: DULANG-B31ST1 | F145: 931D53C1-AEDF-42C2-BE34-5DBDD48E1007 | G145: 1 | H145: FWR | I145: application/pdf | J145: NULL | K145: NULL | L145: NULL | M145: NULL | N145: NULL | O145: NULL | P145: 1 | Q145: NULL | R145: 0 | S145: Dulang B31ST1 Final Well Report.pdf | T145: Dulang B31ST1 Final Well Report.pdf | U145: =IF(S145=T145,"Yes","No") -> Yes | W145: Uploads\931d53c1-aedf-42c2-be34-5dbdd48e1007.pdf | X145: =IF(COUNTIF('MyWells Drilling Comp'!F:F,E145)=0,"Missing","Exist") -> Exist
A146: Mursyid | B146: Yes | C146: 4B7D5426-F67D-4A9F-A73E-17BDA7B505C1 | D146: EE3CDA0B-0790-4EEE-84E2-18028F71BF4A | E146: TNGB-A8 | F146: 6A47F64B-CFE3-474A-8B3A-671C77C148E6 | G146: 1 | H146: NOOP | I146: application/pdf | J146: NULL | K146: NULL | L146: NULL | M146: NULL | N146: NULL | O146: NULL | P146: 1 | Q146: NULL | R146: 0 | S146: PMO3TNGBWS74_TNGB-A8_PCSB_NOOP.pdf | T146: PMO3TNGBWS74_TNGB-A8_PCSB_NOOP.pdf | U146: =IF(S146=T146,"Yes","No") -> Yes | W146: Uploads\6a47f64b-cfe3-474a-8b3a-671c77c148e6.pdf | X146: =IF(COUNTIF('MyWells Drilling Comp'!F:F,E146)=0,"Missing","Exist") -> Exist
A147: Mursyid | B147: Yes | C147: 266530B0-CB86-41CE-858B-2EA7E2350951 | D147: EE3CDA0B-0790-4EEE-84E2-18028F71BF4A | E147: TNGB-A8 | F147: 4C9DA848-2CF5-4867-9283-E60B6475BB25 | G147: 1 | H147: FWR | I147: application/pdf | J147: NULL | K147: NULL | L147: NULL | M147: NULL | N147: NULL | O147: NULL | P147: 1 | Q147: NULL | R147: 0 | S147: PMO3TNGBWS67_TNGB-A8_PCSB_FWR.pdf | T147: PMO3TNGBWS67_TNGB-A8_PCSB_FWR.pdf | U147: =IF(S147=T147,"Yes","No") -> Yes | W147: Uploads\4c9da848-2cf5-4867-9283-e60b6475bb25.pdf | X147: =IF(COUNTIF('MyWells Drilling Comp'!F:F,E147)=0,"Missing","Exist") -> Exist
A148: Mursyid | B148: Yes | C148: 4DF58BD5-C6CD-40C6-A9CA-A7C026E2BEA4 | D148: 9C1E6ACA-D7C4-4517-80FB-186C65797D45 | E148: BOKOR-D403 | F148: ECCC5300-C1A4-40F8-BC75-C7CE25AFF7BA | G148: 1 | H148: NOOP | I148: application/pdf | J148: NULL | K148: NULL | L148: NULL | M148: NULL | N148: NULL | O148: NULL | P148: 1 | Q148: NULL | R148: 0 | S148: NOOP BO-403 ADDENDUM SIGNED_PCSB.pdf | U148: =IF(S148=T148,"Yes","No") -> No | W148: Uploads\eccc5300-c1a4-40f8-bc75-c7ce25aff7ba.pdf | X148: =IF(COUNTIF('MyWells Drilling Comp'!F:F,E148)=0,"Missing","Exist") -> Exist
A149: Mursyid | B149: Yes | C149: 49DCB309-31AF-46FF-B22A-C9EA6140D966 | D149: 9C1E6ACA-D7C4-4517-80FB-186C65797D45 | E149: BOKOR-D403 | F149: B5118C05-07BB-4EE4-828D-B5B40C7854B7 | G149: 1 | H149: FWR | I149: application/pdf | J149: NULL | K149: NULL | L149: NULL | M149: NULL | N149: NULL | O149: NULL | P149: 1 | Q149: NULL | R149: 0 | S149: Final Well Report BO-403.pdf | U149: =IF(S149=T149,"Yes","No") -> No | W149: Uploads\b5118c05-07bb-4ee4-828d-b5b40c7854b7.pdf | X149: =IF(COUNTIF('MyWells Drilling Comp'!F:F,E149)=0,"Missing","Exist") -> Exist
...
